species,size,weight,color
orangutan,1.012,46.063,#cb64f
bonobo,0.713,47.139,#2e1628
gorilla,1.657,212.974,#21018
bonobo,0.77,45.065,#12211a
orangutan,1.008,47.306,#ce69f
bonobo,0.705,31.771,#1c1729
,1.342,84.638,#d75820
,0.759,47.952,#142112
,1.474,51.925,#c65622
,0.71,46.961,#111911
gorilla,1.542,213.395,#1d1b1e
bonobo,0.714,53.511,#14222d
,1.502,170.426,#4121f
,1.425,106.865,#0152
,0.956,33.655,#c95f13
orangutan,1.013,49.197,#da5f23
orangutan,1.014,34.984,#cf571e
,0.969,40.52,#c565b
,0.757,29.853,#222a2d
,0.751,41.592,2a1a1f
orangutan,0.966,32.266,#d568f
gorilla,1.31,70.14,#14f5
bonobo,0.742,27.725,#282b1d
orangutan,1.391,72.271,#c75e1f
orangutan,0.952,44.413,#ce691e
,0.735,42.984,#16261b
,1.331,69.433,#ce6d16
bonobo,0.813,41.463,#122d30
gorilla,1.79,220.645,#14b20
bonobo,0.781,35.051,#112c22
bonobo,0.74,44.068,#2c1e2c
orangutan,0.976,38.698,#c46911
orangutan,0.958,41.165,#c45617
,1.425,76.862,#d16620
gorilla,1.385,111.681,#1121f
gorilla,1.735,153.753,#1eb10
gorilla,,81.766,#18146
,1.01,46.114,#d75e1b
orangutan,1.494,60.304,#d25912
bonobo,0.821,44.178,#2b231e
bonobo,0.82,29.054,#161d11
gorilla,1.275,111.162,#69b
bonobo,0.759,36.066,#1c2a28
,0.762,29.474,#29151b
orangutan,0.967,36.567,#d56714
orangutan,1.279,61.013,#c2571d
,1.468,71.177,#111f5
bonobo,0.726,44.902,#1c2821
orangutan,1.411,70.153,#cf5eb
bonobo,,30.501,#253024
gorilla,1.432,86.086,#111820
gorilla,1.718,186.324,#3615
,1.404,58.656,#d26214
orangutan,1.022,31.723,#c55518
orangutan,0.976,42.883,#d859c
bonobo,0.715,45.282,#2e1612
gorilla,1.538,202.294,#f1314
orangutan,1.0,37.445,#d95712
gorilla,1.429,105.234,#20318
bonobo,0.795,40.069,#21302b
orangutan,1.372,68.304,#d158b
bonobo,0.758,51.282,#221b1a
bonobo,0.769,30.404,#13291d
orangutan,1.328,66.423,#c56111
bonobo,0.759,30.254,#2c1515
bonobo,0.768,54.845,#142228
,1.003,30.595,
,1.598,142.329,#1b1d19
orangutan,0.962,48.894,#cb5a18
orangutan,1.3,63.011,#cb6019
gorilla,1.25,109.761,#958
,0.726,45.236,#131e1a
orangutan,1.047,44.719,#d55820
gorilla,1.466,188.379,#18812
gorilla,1.266,75.097,#8139
orangutan,0.989,41.089,#d7591b
bonobo,0.716,56.39,#1a1329
bonobo,0.825,28.386,#2b2310
gorilla,1.484,219.945,
orangutan,1.47,87.028,#d46015
orangutan,0.982,39.388,#cb6c22
,0.734,40.45,#151712
,1.322,88.769,#1cb16
,1.706,166.912,#915b
gorilla,1.414,144.964,#31fa
orangutan,1.286,67.981,#cb631a
gorilla,1.34,100.924,#2216
,0.985,41.664,#c36111
,1.318,73.321,#fc11
bonobo,0.811,50.607,#1a1c29
,0.705,47.262,#1d1f16
bonobo,0.726,40.69,#131b14
bonobo,0.753,50.945,#1f221b
bonobo,0.735,34.595,#26292a
orangutan,1.038,30.572,#cd5a23
bonobo,0.774,29.092,#221925
bonobo,0.746,49.802,#171a11
bonobo,0.711,53.683,#291323
orangutan,0.96,42.778,#c85b21
orangutan,0.984,45.402,#c96c17
,1.434,61.867,#d563d
gorilla,1.779,220.289,#1fdd
orangutan,1.034,47.001,d258e
,1.711,221.879,#1a25
,0.994,47.369,#cd641b
bonobo,0.787,30.253,#221022
,0.984,44.692,#d15911
,0.709,39.287,#241d22
orangutan,1.026,38.608,#c65820
bonobo,0.774,50.549,#2e2b10
,1.313,85.923,#c4581b
gorilla,1.443,81.549,#1f519
gorilla,1.382,84.531,#c07
gorilla,1.403,85.288,#20b19
bonobo,0.793,38.587,#302e19
gorilla,1.323,104.562,#7f1f
orangutan,0.952,30.792,#cb6920
,0.81,,#17112a
,0.751,42.752,#2e1930
,0.721,30.644,#302d13
orangutan,1.483,77.119,#c261e
orangutan,1.019,40.848,#d158d
gorilla,1.296,107.722,#6f14
gorilla,1.3,95.919,#3190
orangutan,1.298,86.017,#d36c23
orangutan,1.437,73.018,#da5b11
bonobo,0.764,28.847,#2c1d21
bonobo,0.753,40.661,#1d1121
bonobo,0.768,48.613,#1a2a20
,0.737,56.596,#1d1314
gorilla,1.328,69.655,#91311
orangutan,1.343,51.353,#cd6114
orangutan,1.026,39.349,#d76410
gorilla,1.277,98.525,#1a161c
gorilla,1.306,96.559,#131b15
bonobo,0.785,32.055,#162822
,1.499,106.421,#10e7
bonobo,0.778,31.535,#1a2a30
orangutan,1.341,84.157,#ce5c18
,1.307,,#013b
,0.782,31.949,#1d1019
orangutan,1.452,62.797,#c26523
gorilla,1.472,149.686,#e04
orangutan,1.433,66.061,#c864c
,0.746,28.26,#202130
bonobo,0.759,54.749,#28111a
bonobo,0.748,42.543,#2b2811
orangutan,0.983,46.188,#d36318
bonobo,0.789,50.963,#161e10
,1.42,85.963,#c268b
bonobo,0.78,29.458,1c2518
gorilla,1.462,225.316,#181b6
gorilla,1.486,77.463,#2f19
orangutan,0.986,48.653,#c95b18
,1.383,99.11,#13f19
,1.313,89.464,#c66110
gorilla,1.658,169.264,#a161b
orangutan,1.289,88.264,#d867d
bonobo,0.701,32.251,#2b1118
,0.813,28.372,#292f1c
gorilla,1.57,178.586,#a35
bonobo,0.769,51.14,#191b1d
gorilla,1.46,69.427,#611f
bonobo,0.797,30.18,#2a272f
gorilla,1.488,96.344,#7151a
,1.253,109.221,#101c20
,0.809,28.852,#123020
bonobo,0.702,32.113,#262b30
orangutan,1.318,81.258,#c369f
bonobo,0.761,31.697,
gorilla,1.324,100.429,#2004
bonobo,0.79,38.757,#2f182e
orangutan,1.472,74.2,#d3581c
orangutan,1.39,59.313,#c36a1f
bonobo,0.727,37.469,#28202f
gorilla,1.745,204.741,#e1c1
,0.755,28.536,#162612
bonobo,0.825,50.74,#161f28
orangutan,0.992,35.089,#c56c1f
gorilla,1.353,108.827,#1851
gorilla,1.614,183.108,#141f1a
gorilla,1.439,74.448,#21ec
orangutan,1.373,68.224,#da6a12
orangutan,1.4,80.058,#c96c1c
bonobo,0.729,52.461,#1a301d
gorilla,1.344,94.02,#0219
orangutan,1.495,65.577,#d65c10
bonobo,0.813,28.286,#17141b
gorilla,1.451,77.388,#1d183
gorilla,1.69,206.082,#1a1816
gorilla,1.389,73.633,#1e1d6
gorilla,1.385,110.475,#131bb
,1.457,199.415,#18a20
,1.293,94.462,#1017a
bonobo,0.826,51.346,#1e2228
gorilla,1.424,93.441,#1f418
orangutan,1.459,52.47,#c9651e
gorilla,1.423,97.853,#d201f
,0.779,56.033,#1e1927
orangutan,0.972,49.83,#c85912
bonobo,0.78,32.464,#1c2a20
gorilla,1.618,177.724,#9151f
orangutan,1.302,55.333,#d9681b
,0.973,33.981,#ce6411
gorilla,1.394,102.291,#18e1f
,0.724,42.022,#1d1124
bonobo,0.705,28.215,#162c2d
gorilla,1.49,206.654,#1a1011
bonobo,0.758,32.5,#2b1719
bonobo,0.707,48.555,#172210
gorilla,1.562,136.549,#3d17
gorilla,1.67,136.557,#71c13
orangutan,1.295,62.611,#d96611
bonobo,0.809,56.678,#1f2918
gorilla,1.604,177.395,#13011
,0.733,42.662,#20162c
orangutan,1.027,44.6,#ce5b12
orangutan,1.4,72.209,#c25c12
,1.024,47.985,#ca69c
bonobo,0.799,32.146,#112630
,0.815,29.193,#1d2a1b
gorilla,1.469,175.394,#ce16
orangutan,0.962,42.746,#ce6123
orangutan,1.411,64.352,#d26320
gorilla,1.674,162.33,#2002
bonobo,0.786,30.101,#232014
bonobo,0.744,37.982,#271823
gorilla,1.41,83.193,#1dd15
,0.753,38.59,#1a1014
orangutan,1.376,59.691,#d76411
,1.011,35.021,#c86118
orangutan,1.279,71.142,#d45bb
gorilla,1.784,221.877,#e1c8
bonobo,0.81,50.609,#1a3023
bonobo,0.763,31.06,#191613
gorilla,1.441,92.805,#b916
orangutan,1.424,58.705,#c65911
,1.015,30.678,#c95820
orangutan,1.01,33.61,#c46d23
,1.44,62.412,#cf6922
orangutan,1.409,72.472,#d35c22
gorilla,1.693,183.84,#7313
orangutan,0.969,43.789,#ca6317
bonobo,0.781,49.216,#24171e
orangutan,1.012,33.412,#d260b
,0.76,39.173,#212715
gorilla,,154.638,#161716
orangutan,1.017,34.733,#cc5b1f
bonobo,0.792,28.395,#19221c
orangutan,0.955,35.829,#cd6d22
gorilla,1.476,95.38,#181a9
orangutan,1.406,88.934,#d66321
,1.393,101.435,#401f
gorilla,1.289,81.61,#1117
bonobo,,28.543,#191e1b
,1.443,145.674,#bf11
,0.978,46.16,#da56f
gorilla,1.344,102.369,#10210
,1.035,49.532,#c5661a
bonobo,0.785,36.085,#16232c
orangutan,1.031,31.241,#c662c
,0.958,49.303,#c969c
bonobo,0.784,46.892,#271d2d
,1.264,109.805,#3d1f
orangutan,1.396,75.543,#ca5713
orangutan,0.963,35.812,#cd581a
gorilla,1.364,98.163,#118e
orangutan,1.03,35.816,#c365e
gorilla,1.426,84.994,#11e15
bonobo,0.702,28.475,#2f121a
bonobo,0.752,31.545,#181624
gorilla,1.475,72.85,#31f20
,1.511,200.45,#171d9
,1.361,77.062,1337
orangutan,1.256,51.65,#d16523
,0.958,36.17,#cc591d
gorilla,1.312,111.391,#51b0
,1.252,84.712,#1f1e12
gorilla,1.432,76.098,#e1018
,1.253,100.1,#81210
orangutan,1.384,50.49,#d2561d
orangutan,1.282,,#d65ec
bonobo,0.791,44.018,#2d1e16
orangutan,1.029,36.681,#da5720
gorilla,1.667,136.942,#e81e
orangutan,1.006,33.18,#d96c17
bonobo,0.807,27.789,#101f30
orangutan,1.472,75.031,#d85d23
bonobo,0.733,32.058,#12271f
gorilla,1.553,136.957,#1c17c
,1.489,88.231,#da6919
orangutan,1.295,78.295,#d9661f
bonobo,0.732,29.99,#17102e
orangutan,1.435,67.444,#d86b1b
orangutan,0.982,39.962,#c45e17
,1.268,76.313,#1ce3
gorilla,1.276,94.641,#1cf14
,1.315,89.611,#5320
gorilla,1.431,183.153,#0610
gorilla,1.486,217.521,#19b11
,0.745,52.795,#152e27
,0.721,39.982,#12221e
,0.99,35.309,#d86a15
bonobo,0.723,50.0,#1f2f1f
bonobo,0.717,29.846,#2f1322
gorilla,1.478,84.451,#6114
,1.02,47.999,#cb6a17
bonobo,0.8,30.437,102a10
orangutan,1.02,36.975,#d65521
orangutan,0.989,47.502,da55b
gorilla,1.339,68.965,#e1a2
orangutan,0.995,47.915,#d25c11
bonobo,0.796,28.408,#1f2512
,1.38,91.189,#8518
orangutan,1.395,82.922,#c65a15
,0.733,42.501,#2a2d2b
orangutan,0.966,30.471,#cf5812
gorilla,1.498,,#21be
orangutan,1.297,61.87,#c95911
orangutan,1.021,33.66,#c5621d
,1.01,43.447,#d15b10
orangutan,1.008,41.257,#c857b
orangutan,1.008,40.143,#cf6a23
,0.987,35.484,#c96a1c
,0.772,29.221,#221b2c
orangutan,0.987,34.97,#da5f14
gorilla,1.392,85.502,#12520
orangutan,1.259,65.172,#d96a20
gorilla,1.461,80.28,#1315f
bonobo,0.753,32.046,#2b2416
bonobo,0.746,29.832,#272e12
,0.82,28.882,#2d252c
orangutan,1.384,59.706,#c45617
gorilla,1.48,96.536,#3ce
bonobo,0.791,29.471,#12211e
gorilla,1.437,70.274,#1d29
gorilla,1.402,73.831,#111617
orangutan,1.022,39.298,#d2611f
bonobo,0.764,44.176,#131c1a
,0.718,49.433,#1b1d1a
,0.979,35.664,#c66622
orangutan,0.979,39.889,#c35f19
orangutan,0.965,38.307,#c85bb
bonobo,0.71,30.576,#202e1b
gorilla,1.264,87.479,#5713
gorilla,1.763,158.804,#1fb1a
orangutan,0.988,34.468,#c45ff
orangutan,0.951,31.813,#ca58f
,0.735,28.78,#29132d
,1.422,184.805,#4b19
bonobo,0.769,34.523,#1c1329
gorilla,1.637,145.522,#15150
,1.045,38.824,#da5f12
bonobo,0.725,29.793,#192e10
bonobo,0.712,28.712,#101113
,0.743,28.06,#292322
orangutan,1.331,64.717,#d656b
bonobo,0.828,30.113,#29121a
gorilla,1.612,153.619,#2171f
,1.419,207.461,#d1c17
orangutan,1.416,68.974,#c757e
bonobo,0.726,32.032,#272820
bonobo,0.802,30.74,#2f2f12
gorilla,1.415,224.59,#17125
orangutan,1.329,63.482,#c65720
orangutan,0.952,49.718,#d66315
bonobo,0.819,31.315,#212525
bonobo,0.799,30.322,#102420
gorilla,1.674,173.018,#8e1e
gorilla,1.489,75.656,#1c56
gorilla,1.307,99.961,#31b1c
gorilla,1.684,181.344,#d09
gorilla,1.281,75.961,#c100
bonobo,0.783,53.245,#291920
bonobo,0.704,28.922,#21281c
gorilla,1.339,68.043,#1216d
gorilla,1.397,73.318,#151f1
bonobo,0.721,49.982,#152616
orangutan,1.009,45.132,#c75d13
,1.31,71.434,#756
orangutan,1.437,86.3,#ce6917
,0.828,41.765,#222a26
bonobo,0.826,32.029,#1f2b2a
,1.788,197.875,#1a103
orangutan,1.306,81.626,#c3621d
bonobo,0.773,50.683,#1c2b29
gorilla,1.718,161.158,#1ac7
,0.729,57.332,#12152b
bonobo,0.802,52.154,#1d1914
gorilla,1.572,199.513,#c1314
orangutan,1.488,75.208,#d06318
bonobo,0.763,30.715,
bonobo,0.757,28.395,#232d15
orangutan,1.031,36.425,#d95614
bonobo,0.742,31.37,#122f18
bonobo,0.716,31.275,#282820
,1.387,109.698,#161e1d
bonobo,0.763,29.874,#1e1c22
,1.255,69.583,#c45917
orangutan,1.278,81.437,#cd56b
gorilla,1.556,217.533,#231f
bonobo,0.796,54.266,#29222e
,1.004,47.387,#ce6017
,1.404,78.976,#d0621e
bonobo,0.743,29.45,#2e271f
gorilla,1.405,108.355,#1c9a
gorilla,1.603,170.503,#1187
,1.433,211.766,#1647
bonobo,0.7,30.448,#241624
bonobo,0.728,53.145,#231a14
orangutan,1.421,69.983,#da571a
orangutan,1.419,61.128,#c4601a
gorilla,1.758,160.367,#0415
bonobo,0.706,49.483,#1a1c20
,0.987,42.841,#c46815
orangutan,1.018,44.217,#c55b1c
gorilla,1.477,164.832,#11214
bonobo,0.719,32.2,#163014
orangutan,0.983,41.505,#d45b21
bonobo,0.723,32.158,#1e2312
,1.432,89.166,#d56a21
,0.807,36.317,#122911
gorilla,1.427,106.295,#11121f
bonobo,0.774,29.53,#132d11
,1.281,96.989,#1579
gorilla,1.466,71.471,#8181
gorilla,1.483,109.499,#1d49
bonobo,0.815,29.567,#181323
orangutan,1.031,37.028,#c66223
gorilla,1.333,99.732,#1f1f2
bonobo,0.8,56.087,#1b2f12
,1.258,68.613,#d16a23
bonobo,0.769,35.463,#221e12
,1.325,74.525,#f66
,1.049,35.48,#ce5ff
gorilla,1.594,202.886,#9181f
,1.5,209.004,#7212
,0.73,57.36,#301a24
orangutan,0.976,40.721,#d960f
gorilla,1.394,92.1,#1ad19
,1.499,161.48,#1cea
orangutan,1.267,84.549,#c55723
,0.794,30.786,#201f19
gorilla,1.265,109.55,#5113
orangutan,1.447,77.284,c36a20
gorilla,1.574,158.577,#a417
gorilla,1.478,91.915,#7171a
,0.997,36.616,#c66b21
gorilla,1.491,223.699,#1d1d20
gorilla,1.357,99.466,#60a
gorilla,1.713,212.292,#382
,0.761,58.347,#11132c
bonobo,0.771,32.306,#1d2d22
bonobo,0.714,30.134,#242022
orangutan,0.971,32.806,#d768e
,0.752,27.625,#1b2b16
bonobo,0.798,58.62,202510
,1.012,30.125,#d05912
orangutan,1.464,71.584,#d96823
gorilla,1.579,201.739,#191c3
orangutan,0.982,30.819,#c65e1c
,1.352,94.135,#e713
,1.491,165.395,#9aa
bonobo,0.712,31.853,#2c1c2a
gorilla,1.72,204.792,#151a11
orangutan,0.957,44.779,#d45c23
gorilla,1.512,160.202,#31c0
bonobo,0.753,36.064,#2e1c23
orangutan,1.483,87.154,#d6571d
gorilla,1.453,72.338,#1cf14
,1.482,77.005,#1c1d14
,1.736,172.054,#1de8
gorilla,1.43,93.339,#d13b
gorilla,1.722,180.206,#15c14
,1.289,77.716,#d73
orangutan,0.985,39.676,d85e23
gorilla,1.477,104.985,#1e6d
orangutan,1.258,52.885,#c26c1f
orangutan,0.992,31.688,#ce5a12
gorilla,1.491,103.556,#a41a
orangutan,1.31,74.348,#c66115
gorilla,1.671,207.848,#11151
,0.776,30.356,22182a
bonobo,0.753,45.432,#272223
orangutan,1.005,38.085,#d2561b
orangutan,0.993,33.504,#c26518
gorilla,1.437,146.902,#151619
,1.411,67.635,#c45ef
orangutan,1.0,,#d86619
bonobo,0.793,31.896,#102527
gorilla,1.41,226.619,#80c
bonobo,0.726,52.333,#212122
orangutan,1.04,37.349,#da6ab
gorilla,1.579,161.078,#1676
,1.256,75.648,#1e20e
,1.729,219.418,#a110
,0.793,29.135,#1a2d20
bonobo,0.773,30.544,#23171f
orangutan,1.33,89.028,#cb6cf
orangutan,1.41,60.883,#cc5920
gorilla,1.387,109.973,#1111a
bonobo,0.735,58.476,#17251c
orangutan,0.969,38.62,#c35f15
,1.683,216.251,#865
bonobo,0.76,49.694,#16191e
,0.796,41.441,#29251d
bonobo,0.715,55.739,#231618
orangutan,1.009,44.529,#d45520
gorilla,1.301,102.542,#ba20
bonobo,0.717,43.129,#2f202a
,1.45,142.468,#b61d
,1.333,82.206,#cd5c1e
orangutan,1.327,89.33,da5e12
bonobo,0.736,29.608,#291824
bonobo,0.746,49.128,#281411
orangutan,1.467,64.459,#da6313
bonobo,0.808,51.257,#19281f
orangutan,1.454,71.592,#c35c1f
orangutan,1.013,39.218,#cb5523
gorilla,1.306,99.134,#1414b
gorilla,1.394,77.286,#7113
gorilla,1.527,199.201,#9132
gorilla,1.757,169.006,#101a19
gorilla,1.54,177.231,#10176
gorilla,1.492,105.336,#2d19
,1.424,75.013,
orangutan,1.44,65.257,#cd651e
orangutan,0.983,41.452,#c863e
,0.73,50.858,#14131c
,0.771,34.413,#2a292c
bonobo,0.785,51.033,#2d121c
gorilla,1.438,186.472,#17163
bonobo,0.735,37.661,#29211e
,1.365,89.611,#1d517
,1.294,105.283,
orangutan,1.458,56.699,#c25ad
bonobo,0.709,29.197,#301a27
,1.048,43.208,#d46118
orangutan,1.013,47.519,#c6571a
orangutan,1.406,87.597,#c85a11
gorilla,1.32,76.744,#171d2
orangutan,0.969,36.898,#c46a1d
orangutan,0.98,48.968,#cd6c18
orangutan,1.038,40.919,#c35d15
bonobo,0.769,49.01,#2e202c
gorilla,1.637,139.814,#657
bonobo,0.75,27.946,#22161a
gorilla,1.525,184.213,#5b1f
orangutan,1.378,84.553,#c45814
gorilla,1.591,149.397,#20181e
,0.994,39.383,#d06218
bonobo,0.706,31.232,#142e2c
,0.802,30.99,#13101b
,0.815,43.834,#1f2316
orangutan,0.984,43.872,#cb56e
orangutan,1.001,32.373,#d75715
gorilla,,91.958,#961b
bonobo,0.825,29.851,#171724
gorilla,1.569,219.454,#a1b16
gorilla,1.298,81.016,#12715
,0.726,54.394,#1b2714
bonobo,0.769,27.641,#251a12
,0.732,34.581,#1e291a
,1.006,32.443,#c7661a
gorilla,1.374,82.765,#81717
,1.561,188.265,#17c1c
orangutan,1.022,32.1,#d25620
gorilla,1.498,83.926,#81ee
gorilla,1.646,222.181,#11b7
,1.48,84.59,#d16b10
gorilla,1.335,76.521,#724
bonobo,0.793,43.166,#1a2020
,1.036,46.291,#da6ae
gorilla,1.564,215.755,16f6
gorilla,1.457,110.388,#201e1f
gorilla,1.547,196.756,201a12
orangutan,1.428,78.783,#d96dd
bonobo,0.705,36.4,#262013
gorilla,1.491,80.28,#1061b
bonobo,0.7,42.759,#1a1424
,0.813,29.943,#271717
,0.809,50.679,#121618
gorilla,1.67,164.771,#00a
bonobo,0.721,38.963,#162418
bonobo,0.828,28.715,#191516
gorilla,1.441,83.17,#661e
bonobo,0.734,29.04,#261116
gorilla,1.65,163.208,#c1214
gorilla,1.429,73.249,#1191c
,0.755,32.235,#23142f
orangutan,1.28,56.04,#c356d
,,195.88,#618
,1.783,204.83,#5118
,0.778,49.581,#2c132f
orangutan,1.45,60.28,#d55717
,1.604,160.354,#1e1e1a
orangutan,0.981,38.171,#c25fc
orangutan,1.05,30.214,#d96b1d
gorilla,1.532,188.319,#581d
bonobo,0.804,28.997,#151313
orangutan,1.362,89.763,#cd58c
orangutan,0.978,38.712,#d1561d
,1.68,140.307,#711e
bonobo,0.782,29.255,#131e2a
,1.437,199.402,#21e1f
,0.799,45.498,#2c2622
gorilla,1.326,72.667,#16201b
,0.976,40.37,#c56d19
,1.331,85.539,#d1621b
gorilla,1.375,106.025,#6911
bonobo,0.807,56.377,#1e2813
orangutan,0.978,37.343,#d0581c
,1.576,173.191,#10315
gorilla,1.496,75.698,#141a5
bonobo,0.771,30.103,#161020
,0.825,30.092,#232b1e
bonobo,,55.163,#21131e
gorilla,1.41,104.71,#1d7b
gorilla,1.655,225.695,#19716
bonobo,0.735,27.619,#172620
bonobo,0.701,57.662,#1a261d
bonobo,0.818,50.513,#292212
,1.479,146.985,#a717
,0.824,30.959,#10202b
gorilla,1.406,98.624,#123f
,0.772,57.069,#141911
gorilla,1.363,90.343,#141bd
,1.342,99.362,#1132
,1.039,37.999,#d05619
orangutan,0.987,41.116,#c4611a
,0.776,59.259,#2a3014
orangutan,1.273,64.333,#c46910
gorilla,1.31,103.113,#15d5
,0.959,47.406,#ce5c1e
orangutan,1.041,33.865,#cc58f
orangutan,1.011,47.909,#cd5520
gorilla,1.488,106.67,#1e919
,1.317,66.197,#d35911
gorilla,1.51,166.489,
gorilla,1.428,83.158,#5a4
gorilla,1.492,137.737,#7616
,1.357,70.996,#11d9
gorilla,1.263,110.834,#0ae
,0.786,55.649,#21162a
orangutan,0.96,46.515,#d55e1b
bonobo,0.746,28.736,#141226
,1.256,85.814,#6d8
gorilla,1.447,74.646,#71911
orangutan,1.477,50.611,#c66214
gorilla,1.772,181.134,#ac15
bonobo,0.749,29.65,#131628
gorilla,1.648,163.886,#a1220
gorilla,1.479,88.88,#4142
bonobo,0.815,29.421,#1d2519
gorilla,1.329,70.863,#19161b
orangutan,1.479,82.267,#d56a1a
gorilla,1.722,144.56,#619a
bonobo,0.726,41.77,#1d1a14
orangutan,1.37,59.475,#d8551a
gorilla,1.452,97.922,#1ff1f
,1.331,97.362,b204
orangutan,1.336,87.847,#cc5718
orangutan,1.282,60.831,#c55bd
gorilla,1.68,181.933,#81310
,0.709,27.757,#111b1b
,1.356,104.911,#16c15
,1.744,169.629,#1311e
bonobo,0.761,28.61,#281616
,1.356,77.811,#11a2
orangutan,1.387,53.16,#cc6819
orangutan,1.035,43.057,#c45ff
bonobo,0.752,45.853,#262f2f
,1.402,77.826,#ce5c1a
gorilla,1.608,198.142,#31416
gorilla,1.266,97.654,#f1317
,0.983,31.983,#d05b11
gorilla,1.256,111.38,#91b19
orangutan,1.422,64.791,#d45e10
gorilla,1.415,89.51,#12f1b
orangutan,1.267,65.241,#c7631c
orangutan,1.022,41.568,#cf5b10
bonobo,0.736,46.834,#2d1b17
orangutan,1.312,54.908,#cb61b
gorilla,1.694,163.369,#11610
orangutan,1.047,49.068,#cd5f20
orangutan,1.015,36.53,#ce5d13
,0.757,29.956,#191a30
orangutan,0.997,33.564,
orangutan,0.954,37.004,#d05a1c
bonobo,0.721,57.967,24152c
gorilla,1.736,223.004,#1412f
bonobo,0.742,30.666,#292220
gorilla,1.503,223.573,#10820
,0.705,49.686,#30181b
,1.328,55.41,#d2641c
gorilla,1.468,111.303,#8e7
orangutan,0.993,42.277,#d45b22
bonobo,0.745,28.582,#171620
bonobo,0.811,56.932,#132311
orangutan,1.427,73.439,#cc5c23
,1.402,210.762,#15131d
bonobo,0.802,29.169,#292c1d
orangutan,1.373,68.299,#c96b17
gorilla,1.777,210.385,#11617
gorilla,1.273,79.386,#5915
,0.734,45.62,#15241e
orangutan,1.36,57.601,#d95c1f
,1.409,137.348,#c84
gorilla,1.368,88.475,#1b201c
gorilla,1.41,212.0,#18f11
bonobo,0.791,27.874,#262919
gorilla,1.341,110.158,#191d19
bonobo,0.707,40.252,#11132a
bonobo,0.717,29.065,#14261a
orangutan,1.452,66.391,#c659f
orangutan,1.37,73.914,#ce5a20
gorilla,1.668,137.39,#1a8f
gorilla,1.321,93.017,#1a18f
gorilla,1.476,178.279,#15920
gorilla,1.41,89.185,#5920
,1.282,85.739,#c4641e
gorilla,1.285,79.527,#251b
gorilla,1.57,169.211,#161a0
gorilla,1.462,181.328,#ba11
gorilla,1.603,151.846,#4159
orangutan,1.003,41.226,#d75f1a
gorilla,1.773,198.102,#1015a
gorilla,1.308,92.903,#a1715
bonobo,0.73,30.817,#1b1030
gorilla,1.489,104.654,#1d126
orangutan,1.02,31.073,#d96617
orangutan,1.028,40.816,#ca56e
orangutan,1.026,36.907,#c958f
,1.385,77.513,#701
,0.821,28.748,#251f11
gorilla,1.498,71.666,#15166
gorilla,1.481,70.144,#2dc
orangutan,0.981,,#d5691b
gorilla,1.328,103.012,#17f17
bonobo,0.787,39.294,#161318
,0.786,39.612,#2d1512
,0.798,32.211,#161a25
orangutan,0.999,33.119,d55d21
orangutan,1.024,47.334,#d46d1b
gorilla,1.323,72.08,#d83
orangutan,1.395,66.425,#da63b
gorilla,1.272,107.707,#1ad1f
orangutan,1.472,81.694,#c46723
bonobo,0.776,28.545,#1e132e
orangutan,0.95,39.124,#d26021
,1.704,141.019,#ea1f
bonobo,0.788,29.116,#26272c
bonobo,0.757,31.186,#2f202b
orangutan,1.416,82.621,#d05a21
,1.378,65.969,#d8601a
,0.712,57.901,#1f1923
orangutan,0.973,35.585,#c35a1a
gorilla,1.272,70.031,#171dc
orangutan,0.959,38.325,#d55ed
,0.96,43.365,#d9621e
orangutan,1.017,42.339,#da61f
bonobo,0.794,46.358,#2d251e
,1.61,142.34,#121e
bonobo,0.732,34.509,#231222
,0.981,32.863,#d46cd
bonobo,0.823,29.526,#111d12
bonobo,0.737,30.828,#2f2a1d
,1.401,169.478,#62019
,1.305,60.377,#d76114
,1.298,75.287,#d86ad
bonobo,0.79,28.748,#18201e
gorilla,1.365,78.252,#1a101f
orangutan,0.96,44.783,#cd561b
gorilla,1.442,176.051,#1d1b1b
orangutan,1.04,42.68,#c2561c
gorilla,1.402,90.695,#f31f
gorilla,,145.743,#9115
,1.312,,#1cb1
orangutan,1.384,66.345,#ca5d1c
,1.318,78.223,#1e181d
gorilla,1.709,210.869,#416f
orangutan,1.465,86.785,#d05913
bonobo,0.734,28.226,#181429
orangutan,1.009,42.68,#c25b17
,1.71,182.5,#4189
orangutan,1.008,41.243,#c8581d
gorilla,1.59,201.959,#e8f
bonobo,0.825,32.309,#282930
gorilla,1.425,89.832,#791d
,1.474,80.694,#cc5f13
,1.492,201.922,#06f
,1.492,79.249,#cb5e1d
bonobo,0.754,32.445,#211219
,1.532,196.784,#8176
,1.42,110.21,#a197
gorilla,1.652,162.325,#680
orangutan,1.325,70.467,#c45d1f
,1.443,53.616,#d05f14
,0.981,37.397,#cd6ad
,0.958,35.595,#d95d19
bonobo,0.715,53.899,#2f101e
orangutan,0.986,39.674,#d4691e
orangutan,1.487,64.288,#d95e15
bonobo,0.745,30.505,#241b2b
gorilla,1.577,208.894,#bbe
bonobo,0.811,43.506,1b2310
gorilla,1.431,89.215,#c1218
,1.437,103.172,#15161
bonobo,0.828,31.506,#162114
bonobo,0.756,31.733,#262914
gorilla,1.677,146.359,#144d
gorilla,1.653,156.368,#194b
,1.491,112.534,#1f99
gorilla,1.488,87.07,#d1817
,1.337,63.317,#cb6117
gorilla,1.528,193.048,#01a8
gorilla,1.391,108.554,#11183
gorilla,1.501,153.519,#1192
orangutan,1.317,82.608,#cf63f
orangutan,1.452,68.322,#d85dc
bonobo,0.803,51.744,#1b1019
,0.729,30.781,#302f30
,1.012,36.909,#d96619
bonobo,0.774,28.66,#281f29
orangutan,1.318,54.14,#c26522
orangutan,1.418,82.952,#d15f21
bonobo,0.793,29.739,#2d2a27
gorilla,1.322,71.063,#9919
,1.8,216.12,#1e18c
,1.406,54.729,#d05b1c
gorilla,1.694,156.882,#2091d
bonobo,0.762,32.149,#102a2b
bonobo,0.763,36.772,#223028
,1.374,82.247,#d76716
bonobo,0.762,49.513,#1c1f2e
bonobo,0.785,30.872,#1e171d
gorilla,1.318,109.064,#21e12
,0.786,34.758,#2d2117
,1.626,149.079,#11611
gorilla,,138.134,#11121
,1.605,217.297,#17b9
bonobo,0.775,56.216,#161912
bonobo,0.762,31.526,#221a30
orangutan,1.049,36.189,#cc5e1d
orangutan,0.958,41.445,#d56b16
bonobo,0.712,52.873,#241330
bonobo,0.815,29.12,#202b30
,1.489,53.273,#cc6c20
bonobo,0.796,35.048,#182a12
bonobo,0.796,51.462,#191c1d
orangutan,1.472,58.118,#d35a12
orangutan,1.039,43.649,#d3631b
gorilla,1.514,167.324,#1d115
orangutan,0.971,40.855,#c5601c
bonobo,0.804,31.608,#151216
bonobo,0.756,31.707,#102925
bonobo,0.724,30.768,#272022
bonobo,0.816,40.765,#1a211f
gorilla,1.358,91.329,#1851
orangutan,1.286,52.243,#d45a1d
bonobo,0.734,29.4,#2b1d1e
orangutan,1.357,52.278,#c35c12
,1.42,195.873,#16c19
bonobo,0.784,56.657,#1c1c1c
orangutan,1.028,47.887,#d86a11
,1.333,106.871,#1a11a
gorilla,1.489,110.748,
orangutan,0.995,35.178,#c45714
gorilla,1.54,156.056,#81410
bonobo,0.721,40.815,#2a1126
,1.271,54.333,#cd6112
gorilla,1.775,143.239,#21d1a
orangutan,1.01,49.983,#d26510
bonobo,0.76,50.264,#1b281b
gorilla,1.627,175.062,#2029
,1.287,70.224,#cf651d
,1.517,198.513,#13f0
,1.356,89.531,#1fa1c
gorilla,1.731,212.349,#251c
bonobo,0.8,45.553,201228
,1.041,40.768,#c55510
gorilla,1.333,96.185,#363
orangutan,0.961,38.291,#d8681b
,0.716,31.494,#222610
,0.8,56.357,#292921
,1.005,49.309,#c65714
,1.439,202.678,#2f18
bonobo,0.816,,#131d1b
bonobo,0.779,47.652,#192a17
,1.625,164.541,#201119
gorilla,1.603,142.638,#01a4
,1.683,179.197,
,1.494,156.731,#1b121c
bonobo,0.744,41.002,#122612
gorilla,1.363,76.768,#4161f
bonobo,0.77,50.034,#18102a
bonobo,0.714,41.843,#271530
bonobo,0.738,30.511,#292018
,1.315,68.703,#d35f23
orangutan,0.992,43.897,#cd6d1a
orangutan,0.954,32.906,#d26610
bonobo,0.78,28.835,#10292e
gorilla,1.403,112.625,#b121d
orangutan,1.408,83.339,#d755c
,0.78,31.388,#141d12
,1.021,37.118,#cd67c
bonobo,0.701,30.594,#182829
gorilla,1.278,79.91,#12212
,0.768,32.492,#131f2d
,1.26,98.892,#14a7
bonobo,0.719,35.466,#241321
,1.639,216.513,#141711
orangutan,0.965,41.579,#d06312
bonobo,0.79,34.925,#25101f
gorilla,1.448,93.599,#139f
,0.79,27.699,#152516
bonobo,0.825,29.839,#24282e
gorilla,1.602,216.342,
orangutan,0.972,34.719,#c86714
gorilla,1.53,225.973,#8ba
bonobo,0.783,29.548,#282424
bonobo,0.822,30.299,#221f2a
orangutan,1.033,32.737,#da5b16
orangutan,1.421,80.528,#c35619
,0.704,31.871,#10101b
bonobo,0.759,41.04,#142729
bonobo,0.768,40.031,#2d122d
,0.982,33.21,#c55e23
,1.364,75.44,#e511
bonobo,0.748,44.727,#211418
bonobo,0.709,29.457,#252910
,0.799,39.642,#211626
orangutan,1.441,77.632,#c66a11
orangutan,1.499,78.625,#c56d14
bonobo,0.765,32.15,#14232e
,1.617,207.254,#11312
orangutan,1.046,31.174,#d76617
bonobo,0.726,32.427,#1d1a11
gorilla,1.387,85.124,#171c
gorilla,1.606,154.786,#1512
,1.267,63.974,#c86a11
bonobo,0.704,,#242f28
bonobo,0.772,43.754,#152810
,1.526,152.379,#13195
gorilla,1.332,99.5,#d1d1a
bonobo,0.785,28.608,#28302a
bonobo,0.789,30.523,#211712
bonobo,0.821,27.934,#13241f
orangutan,1.429,57.566,#c2611b
orangutan,1.475,84.78,#c95cf
,0.819,32.398,#2e1b23
bonobo,0.794,48.613,#112029
,1.269,92.614,#2716
bonobo,0.795,44.84,#121d1d
orangutan,1.439,51.405,#d96313
orangutan,1.292,81.716,#d865e
,1.303,59.315,#c35c10
bonobo,0.755,40.954,#222f29
orangutan,0.98,48.683,#c668f
gorilla,1.43,72.51,#1d1618
,1.455,55.067,#d9581d
,1.377,82.534,#d267d
orangutan,0.968,36.001,#cf59c
bonobo,0.765,41.716,#1b1f2f
bonobo,0.824,47.219,#291b1d
bonobo,0.741,38.04,#16221e
gorilla,1.289,86.679,#e16c
gorilla,1.31,108.416,#13cb
gorilla,1.401,174.387,#aba
orangutan,0.984,46.811,#d460e
orangutan,0.959,,#cc6517
orangutan,1.044,30.122,#cd6120
gorilla,1.76,149.71,#3b4
,1.032,43.15,#cb63c
bonobo,0.739,43.835,#1d2322
orangutan,1.367,71.64,#cf6110
orangutan,1.364,58.314,#d45b22
bonobo,0.71,29.762,#191925
,0.975,46.049,#d965e
orangutan,1.316,84.836,#c9641f
gorilla,1.35,81.769,#20c5
gorilla,1.464,165.528,#1f1717
bonobo,0.785,28.908,#271c18
bonobo,0.787,29.923,#26201c
orangutan,1.023,35.011,#c96922
bonobo,0.77,30.847,#192f1b
,0.799,35.078,#1c162b
bonobo,0.773,30.225,#281a24
orangutan,0.968,42.862,#d16117
gorilla,1.362,83.66,#611b
bonobo,0.799,42.718,#12261b
bonobo,0.811,28.112,#1b2622
bonobo,0.772,44.918,#151328
,0.764,,#251416
bonobo,0.703,28.158,#171125
,1.379,72.403,#cb6d1c
,0.957,33.914,#cc611b
gorilla,1.305,82.221,#1291c
gorilla,1.348,106.199,#6c1b
orangutan,0.974,44.605,#c35a12
,1.342,81.385,#d55c19
,1.656,153.7,#1f1b10
bonobo,0.806,30.363,#13272e
orangutan,1.398,68.397,#c359b
,1.479,61.231,cb5f1c
gorilla,1.731,192.793,#ab10
bonobo,0.707,31.092,#1c2b2a
gorilla,1.729,224.126,#11914
bonobo,0.728,58.791,#252912
gorilla,1.32,87.574,#21c0
,1.399,100.4,#144d
bonobo,0.819,27.914,#25121f
bonobo,0.708,27.842,#151d13
bonobo,0.703,31.117,#1c1815
,0.721,52.146,#2e2e2a
gorilla,1.687,173.526,#51a14
orangutan,0.98,44.857,#cd691f
,1.434,94.371,#31a8
,1.263,83.856,#1e12
gorilla,1.402,199.952,#14201c
,1.547,150.14,#c107
bonobo,0.703,30.801,#1e142d
orangutan,1.454,70.761,#d86522
bonobo,0.791,30.919,#122f15
bonobo,0.708,31.0,#2b1628
bonobo,0.8,30.28,#23132b
,0.776,35.479,#2d301d
orangutan,0.994,47.091,#da5711
,1.44,69.325,#c366c
bonobo,0.815,48.605,#15271f
bonobo,0.745,31.761,#2f2a18
gorilla,1.434,175.343,#81d4
orangutan,1.013,39.542,#c96b1c
,1.757,191.348,#1da6
orangutan,1.039,31.896,#ce63d
gorilla,1.502,221.5,#41b15
bonobo,0.757,51.407,#1a2514
,1.263,69.808,#16201c
orangutan,1.413,78.229,#d762b
gorilla,1.573,221.015,#151112
bonobo,0.732,41.795,#1d2113
,0.775,52.341,#142a1e
,0.822,30.762,#1b2814
,0.753,47.973,#2a3020
gorilla,1.715,224.636,#1148
bonobo,0.824,30.297,#2c2130
,0.979,36.442,#cd6bf
,0.785,28.983,#22292b
,1.36,67.091,#c8621d
bonobo,0.702,39.872,#2d1d1b
,1.48,85.364,#180a
gorilla,1.589,184.746,#a6c
,0.764,56.083,#301427
,1.271,65.019,#ce6b12
gorilla,1.544,143.292,#d17c
orangutan,0.95,31.258,#c45d15
,0.969,31.848,#c45a14
bonobo,0.711,50.605,#1c2312
,0.736,40.809,#1a1c2f
,0.958,31.519,#ce681d
bonobo,0.752,39.155,#1e1a17
,1.003,30.365,#cd6d17
,0.981,32.682,#c86d1f
orangutan,1.014,43.075,#da5714
gorilla,1.661,181.15,#21ac
bonobo,0.828,31.348,#2b272a
gorilla,1.618,222.599,#18186
bonobo,0.761,27.998,#192428
gorilla,1.405,82.065,#517
gorilla,1.641,193.753,#201cc
bonobo,0.812,57.427,#2f282f
gorilla,1.381,99.801,#17bd
bonobo,0.749,53.711,#15112e
gorilla,1.355,89.007,#9173
bonobo,0.79,29.727,#122711
bonobo,0.723,29.302,#26212f
orangutan,1.023,47.778,#ca6d1e
,1.432,97.097,#a316
orangutan,0.971,48.085,#cb5a20
gorilla,1.264,91.987,#ee11
,1.025,45.673,#d663c
bonobo,0.803,56.427,#19101c
gorilla,1.379,102.005,#102013
bonobo,0.737,39.238,#172818
orangutan,1.3,75.024,#c95e11
gorilla,1.351,72.881,#207e
orangutan,1.0,46.86,#c25814
gorilla,1.305,111.988,#ff8
gorilla,1.764,217.057,#1e4b
orangutan,1.404,87.302,#d66521
orangutan,1.396,56.561,#c96516
,0.813,36.318,#1d302d
,1.299,69.857,#d562e
gorilla,1.712,224.062,#1c145
,0.712,51.086,#2e1424
gorilla,1.729,200.225,#1a21e
orangutan,0.962,38.707,#d96818
bonobo,0.811,31.101,#1f1928
bonobo,0.777,30.063,#181316
gorilla,1.26,103.1,#d14
,0.739,36.512,#242e29
orangutan,1.291,89.599,#c95e12
bonobo,0.81,43.408,#112516
gorilla,1.557,188.811,#71e1b
orangutan,1.261,89.599,#c5591d
gorilla,1.372,95.38,#91c3
,1.447,77.855,#1141c
,1.296,85.396,#d2641f
,1.399,74.102,#c569e
,0.826,36.772,#221413
bonobo,0.765,37.374,#302616
gorilla,1.497,199.672,#b168
bonobo,0.731,48.878,#2d202b
,0.777,27.648,#102720
orangutan,0.958,43.572,#d45618
orangutan,0.957,35.075,#c26d14
,1.661,147.789,#d1216
,1.579,168.913,#102015
,,33.384,#c76821
bonobo,0.755,52.366,#10211a
,1.77,142.483,#1b9d
bonobo,0.725,50.783,#191219
gorilla,1.291,85.264,#131612
orangutan,0.991,48.615,#d56221
orangutan,1.303,58.19,#d66d22
gorilla,1.46,77.705,#e1314
,0.745,29.063,#16182e
orangutan,0.992,36.051,#c95ff
gorilla,1.343,82.065,#1b1f1d
gorilla,1.645,157.218,#121c10
bonobo,0.733,29.971,#17182f
,1.254,106.173,#01017
,0.951,34.366,#d5661d
bonobo,0.802,28.857,#28111c
bonobo,0.729,54.436,
gorilla,1.7,224.786,#131a7
gorilla,1.5,165.771,#1508
,1.479,59.716,#d66216
orangutan,1.364,83.88,#c86513
bonobo,0.8,58.21,#101420
gorilla,1.414,110.188,#16d20
bonobo,0.771,29.103,#14142c
gorilla,1.494,212.724,#251a
bonobo,0.737,43.49,#162518
,1.29,65.834,#d1651c
gorilla,1.403,100.686,#1702
gorilla,1.317,82.167,#51d7
,0.757,30.482,#282e1c
,0.808,28.45,#132226
bonobo,0.783,30.302,#221b1c
gorilla,1.341,81.13,#171f7
bonobo,0.712,46.195,#161c1c
orangutan,1.277,69.932,#cc5e1f
bonobo,0.722,32.256,#192717
,1.279,52.067,#d46415
,0.808,56.461,#151627
gorilla,1.401,187.538,#161bf
,0.739,27.835,#2a271b
gorilla,1.67,195.152,#bc1b
orangutan,1.397,56.343,#c56b17
bonobo,0.742,27.752,#121a29
gorilla,1.351,73.193,#a108
bonobo,0.777,27.941,#261615
orangutan,1.451,87.868,#cf65d
orangutan,1.289,71.874,#c86813
,1.365,109.978,#161916
gorilla,1.534,159.813,#1c1f19
,1.286,87.12,#716a
bonobo,0.712,31.972,#1b2b16
,0.714,30.464,#1b1714
gorilla,1.314,84.387,#1f1dd
bonobo,0.804,32.033,#272922
bonobo,0.726,54.559,#25282a
gorilla,1.423,79.359,#da5
orangutan,1.329,54.671,#c7551e
,1.282,94.481,#161d14
,1.486,70.116,#d65c20
gorilla,1.339,69.955,#31715
gorilla,1.426,83.404,#15413
,1.473,225.524,#1a1c1a
bonobo,0.701,42.371,#2d241c
,0.806,28.372,#2d181f
orangutan,0.996,31.246,#cc5e17
gorilla,1.413,109.792,#61a6
gorilla,1.507,206.009,#19172
,0.951,32.771,#cd6d1d
,0.826,57.985,#151b1c
gorilla,1.388,80.677,#441
bonobo,0.821,58.438,#302c2a
orangutan,1.044,49.896,#d05f15
,0.964,37.052,#c66521
,1.709,163.074,#1f15
orangutan,1.032,36.731,#d36615
bonobo,0.751,53.687,#171c1e
gorilla,1.275,100.7,#15208
gorilla,1.507,148.601,#591e
gorilla,1.61,223.47,#1a54
bonobo,0.775,31.023,#10212b
orangutan,1.43,76.075,#cc631d
,0.77,57.252,#1e1222
orangutan,0.964,40.141,#d06c1c
,0.704,34.931,1a1e1d
bonobo,0.777,32.366,#111520
,1.028,44.425,#d56d20
gorilla,1.33,71.228,#0139
orangutan,1.305,55.566,#cd5b18
,0.749,39.205,#21161a
gorilla,1.399,101.823,#1d1f17
bonobo,0.721,32.096,#162025
orangutan,1.019,37.278,#c55f19
gorilla,1.755,154.252,#161211
bonobo,0.802,53.262,#1d151d
gorilla,1.584,201.68,#1e1c7
orangutan,0.964,40.411,#d456c
orangutan,1.03,34.37,#cc5e13
bonobo,,49.2,#13232e
bonobo,0.725,28.928,#2b2421
orangutan,1.007,31.671,#ca6ae
orangutan,1.322,87.95,#da5f18
gorilla,1.332,84.321,#f1f
,1.431,85.662,#c66418
bonobo,0.747,27.783,#172423
gorilla,1.48,196.121,#1509
,1.438,106.218,#f1818
orangutan,1.281,62.592,#ca581a
orangutan,0.958,38.991,#cd5815
gorilla,1.437,102.534,#a128
gorilla,1.312,87.762,#91a8
gorilla,1.364,,#14b1e
gorilla,1.357,93.912,#101513
orangutan,0.994,38.823,#d061f
bonobo,0.794,56.285,#292218
orangutan,0.973,48.559,#d65910
orangutan,0.957,42.85,#d26921
orangutan,0.984,39.263,#c76cd
orangutan,1.394,53.574,#c56b1b
,1.303,87.977,#20bd
,0.805,46.937,#1a2815
bonobo,0.824,29.393,2f1f13
,0.764,31.61,#1f1426
gorilla,1.408,168.14,#16c
gorilla,1.319,79.921,#cdb
gorilla,1.786,222.154,#10819
orangutan,1.31,60.382,#c75b1c
gorilla,1.349,79.906,#1d1ed
,,30.596,#161729
,0.752,55.062,#241110
bonobo,0.758,41.139,#212729
gorilla,1.595,220.429,#d1519
bonobo,0.783,28.068,#14152b
,1.016,35.716,#c46514
,0.708,27.954,#1a1f15
orangutan,1.392,72.809,#ce64f
bonobo,0.786,32.354,#112b2f
orangutan,0.999,42.299,#da5e1f
bonobo,0.783,38.71,#221326
gorilla,1.562,208.272,#181df
bonobo,0.71,30.073,#151823
,1.507,151.553,#41310
bonobo,0.788,28.152,#151c2c
orangutan,1.033,45.742,#d5631e
bonobo,0.8,30.126,#151f11
bonobo,0.754,52.027,#251e2d
orangutan,1.048,39.066,#ca6823
bonobo,0.827,31.687,#19232e
,0.79,52.831,#1a232a
orangutan,1.255,,#d06522
orangutan,1.461,80.237,#cb6819
orangutan,1.284,61.542,#d562c
bonobo,0.732,49.398,#252c19
,1.431,107.548,#e1616
gorilla,1.73,170.764,#181811
orangutan,0.982,36.799,#ca6d20
gorilla,1.346,68.274,#19011
bonobo,0.714,40.021,#14192d
,1.638,205.983,#c1a1c
gorilla,1.403,93.423,#1d161b
orangutan,0.997,43.545,#d55813
bonobo,0.729,28.519,#241010
bonobo,0.789,49.653,#282212
bonobo,0.725,37.836,#26262a
orangutan,0.964,47.668,#c35c1a
,1.27,56.715,#d45d1b
bonobo,0.724,55.367,#172c12
gorilla,1.348,77.621,#e1a15
orangutan,,64.519,#cd6711
gorilla,1.737,214.169,#1df2
,1.68,159.884,#14917
,0.79,30.888,#251b13
,1.416,70.681,#da6612
,0.8,32.253,#2a2c23
gorilla,1.458,159.827,#193d
bonobo,0.709,58.683,#19272c
gorilla,1.311,68.268,#206e
,1.451,74.176,#d55d1e
orangutan,1.043,34.551,#c45d1a
orangutan,1.034,32.989,#cd631d
,1.318,62.93,#d6621f
bonobo,0.796,32.365,#1a171c
bonobo,0.724,30.811,#1d1821
gorilla,1.3,72.199,#f21
gorilla,1.454,140.682,#019
,1.735,181.46,#141ad
orangutan,1.045,33.822,#c36110
gorilla,1.46,166.098,#eab
gorilla,1.331,111.693,#1ad20
gorilla,1.293,99.833,#8a4
gorilla,1.664,165.53,#e1f1b
orangutan,1.351,65.914,#cc5c16
gorilla,1.742,159.62,#c6d
orangutan,0.955,44.855,#c7631d
gorilla,1.523,213.165,#201b0
gorilla,1.41,109.893,#71210
,,28.943,#1d122a
bonobo,0.799,38.238,#242e1b
orangutan,1.007,35.854,#da6c18
bonobo,0.826,59.319,#23261e
bonobo,0.786,53.756,#131815
gorilla,1.498,92.751,#c27
bonobo,0.729,45.952,#2b1421
gorilla,1.328,92.148,#b911
,1.456,70.253,#13111d
orangutan,1.268,81.357,#ce5f1a
orangutan,1.458,60.405,#d765f
bonobo,0.819,46.127,#271529
gorilla,1.319,74.718,#6f13
orangutan,1.005,36.674,#d35613
gorilla,1.266,74.994,#14e1f
bonobo,0.773,,#222410
,1.452,88.164,#d86319
,0.76,28.073,#2b2826
gorilla,1.435,92.882,#181c16
orangutan,1.488,70.749,#d06d1d
,1.434,85.946,#d06613
bonobo,0.809,32.43,#1b2316
orangutan,0.984,47.549,#c66820
bonobo,0.705,56.947,#2c202a
gorilla,1.495,73.696,#1a1e1c
bonobo,0.807,57.657,#301d1f
gorilla,1.454,172.953,#121812
bonobo,0.829,30.047,#301d1e
orangutan,1.002,35.899,#cc5520
,1.439,216.403,#1f185
bonobo,0.82,30.36,#241c20
bonobo,0.73,42.075,#1a2923
bonobo,0.824,59.665,#281218
bonobo,0.735,30.398,#283020
gorilla,1.515,138.487,#19ca
bonobo,0.773,28.331,#2e2f1b
bonobo,0.705,28.104,#192d19
,1.406,58.287,#c46011
,0.705,55.89,#112c2a
orangutan,1.298,59.703,#d266f
bonobo,0.822,31.052,#151120
gorilla,1.339,98.097,#1410e
,0.76,51.319,#1b2712
gorilla,1.619,148.719,#701a
bonobo,0.719,27.595,#14161e
,1.317,75.766,#208b
,1.494,77.897,#111e18
gorilla,1.451,173.095,#119c
orangutan,1.019,38.152,#c858e
bonobo,0.708,28.035,#291e2c
orangutan,1.25,61.024,#d05522
bonobo,0.796,43.687,#241625
gorilla,1.602,199.005,#1ed1c
,0.784,57.347,#142710
orangutan,1.419,84.298,#d85c16
orangutan,0.964,49.126,#d26a1e
gorilla,1.475,70.664,#411e
,1.478,70.843,#f1d11
,0.77,59.696,#14172a
,0.782,31.683,#162024
,1.608,160.8,#19201e
bonobo,0.815,52.099,#2f1a2f
orangutan,0.99,31.664,#d4681f
orangutan,1.313,79.557,#da5919
orangutan,1.306,84.933,#cb55d
orangutan,0.95,36.039,#d55e16
orangutan,1.428,,#d6601d
gorilla,1.435,75.135,#13111
bonobo,0.709,30.432,#2d1b19
bonobo,0.77,54.981,#19261e
bonobo,0.779,40.348,#15151d
orangutan,1.379,86.534,#ca671a
bonobo,0.706,30.278,#162318
,0.813,58.02,#222726
,1.553,214.511,#121d1c
gorilla,1.634,225.09,#161017
orangutan,1.021,41.545,#c2631c
orangutan,1.323,71.752,#da5b1a
bonobo,0.769,48.764,#1e1d30
orangutan,0.997,39.869,#ce6018
,1.41,154.464,#9b8
gorilla,1.614,145.447,#1dcd
orangutan,1.268,84.256,#d4641f
,0.735,46.868,#282524
bonobo,0.829,29.253,#241b2d
gorilla,1.457,164.483,#e18a
orangutan,1.407,51.951,#ca5615
,1.423,171.866,#7121
bonobo,0.813,28.914,#26151b
,1.266,73.763,#d55ee
bonobo,0.747,50.931,#142828
orangutan,1.027,35.124,#c9611c
,1.382,83.928,#d06820
bonobo,0.732,54.372,#181e2f
bonobo,0.825,46.757,#141e20
gorilla,1.8,210.183,#51514
orangutan,1.255,54.634,#d55c19
gorilla,1.457,109.587,#13714
,1.384,70.036,#5d17
,1.353,89.778,#d56023
gorilla,1.541,151.695,#101c1e
,1.327,76.976,#c86cc
orangutan,0.984,43.473,#da5b11
gorilla,1.533,207.422,#a1d5
bonobo,0.766,56.619,#231c21
orangutan,1.008,43.768,#ca5ff
orangutan,,35.708,#d56bc
gorilla,1.311,83.449,#1691f
bonobo,0.809,54.101,282d15
,1.025,48.992,#d66ce
,0.733,38.574,#182622
orangutan,1.477,62.836,#d16619
bonobo,0.739,31.375,#252d29
,1.399,51.507,#d465c
,1.687,176.688,#1bc18
,0.975,30.025,#d26cf
gorilla,1.288,108.222,#101b1
gorilla,1.412,80.782,#f142
gorilla,1.481,170.922,#1ab4
orangutan,1.375,60.199,#da6a19
bonobo,0.736,36.398,#2f2830
,0.815,30.248,#25112c
gorilla,,90.318,#151f1e
bonobo,0.793,29.814,#181629
bonobo,0.751,54.95,#171522
orangutan,1.033,48.111,#d36de
orangutan,1.04,49.63,#cd5721
,1.497,85.821,#91c1f
orangutan,1.043,35.302,#c45f1c
bonobo,0.704,52.603,#152514
orangutan,1.009,47.686,#d25915
,0.777,36.809,#1b151d
bonobo,0.811,42.836,#112817
orangutan,0.975,43.729,#c36212
,0.76,38.182,#111925
,0.803,28.917,#151816
gorilla,1.551,148.801,#61217
orangutan,0.997,45.643,#d45a17
,0.804,47.753,#2e2829
,1.546,206.125,#710e
gorilla,1.604,136.934,#018d
bonobo,0.8,31.457,#2c252e
,0.825,53.852,#1c2a17
,0.753,31.579,#191b2c
gorilla,1.337,103.99,#5218
orangutan,1.354,85.362,#c85ab
,0.962,35.671,#cd5e17
gorilla,1.303,77.219,#18c10
orangutan,1.284,74.816,#c859f
orangutan,1.35,86.827,#ce6322
gorilla,1.594,167.689,#1066
gorilla,1.36,72.469,#1c1215
gorilla,1.481,98.449,#0716
gorilla,1.414,153.855,#10118
bonobo,0.718,31.807,#1a2f25
,1.274,110.968,#101b6
orangutan,0.99,45.002,#d06a14
orangutan,1.494,86.49,#d15be
bonobo,0.73,31.935,#211e26
orangutan,1.408,88.403,#d0561b
orangutan,1.003,40.169,#cb641a
bonobo,0.74,59.701,#192d2e
orangutan,1.25,84.052,#d36319
,0.804,35.396,#2b1912
,1.438,176.552,#1f161
orangutan,0.991,37.8,#c667f
gorilla,1.604,202.258,#0515
bonobo,0.751,31.474,#19142e
,1.428,93.557,#7171b
gorilla,1.326,68.144,#01319
orangutan,1.022,40.563,#c95dd
bonobo,0.77,46.151,#102d1f
,1.381,78.086,#3131f
orangutan,1.349,58.032,#cb6919
orangutan,0.964,38.441,#cb5c1a
orangutan,0.994,39.372,#d86411
,0.751,45.384,#2d1116
,0.76,45.26,#2f1c16
orangutan,1.27,76.987,#d75e1d
,1.405,74.971,#18813
,0.709,29.745,#20172f
gorilla,1.633,141.705,#b122
bonobo,0.781,57.567,#252b2a
gorilla,1.256,87.656,#1811b
,0.958,41.431,#da5f12
gorilla,1.699,189.838,#1ece
bonobo,0.71,30.481,#28171b
gorilla,1.648,150.741,191fd
orangutan,1.015,38.966,#d15e12
orangutan,1.469,65.948,#c25911
gorilla,1.43,70.103,#767
orangutan,,52.549,#c76a11
orangutan,1.0,44.117,#c76b16
orangutan,1.382,55.1,#c45718
,1.382,82.893,#ca5917
,1.018,43.499,#cd5f17
orangutan,0.956,43.596,#c56313
orangutan,1.014,37.608,#ce5c1b
orangutan,1.46,82.906,#d4601a
orangutan,1.324,51.064,#d55d19
bonobo,0.721,37.787,#12242a
orangutan,0.994,46.876,#c85812
bonobo,0.781,42.369,#14101d
,0.719,36.587,#261f25
,1.486,80.269,#181e1c
orangutan,1.295,64.251,#c35cf
gorilla,1.329,102.462,#1447
bonobo,0.802,30.859,#151d18
orangutan,1.351,53.56,#c55712
gorilla,1.522,187.148,#7c12
,0.985,32.806,#d95b18
gorilla,1.47,109.031,#8513
gorilla,1.489,91.053,#1da10
,1.355,58.143,#cd5b23
bonobo,0.76,42.464,#281323
orangutan,1.488,79.637,#d66b13
,1.415,67.225,#c66a1c
orangutan,0.993,49.647,#cf6515
gorilla,1.596,158.25,#d181d
bonobo,0.821,43.235,#21241a
orangutan,0.951,37.87,#ce5d1b
bonobo,0.81,29.559,#1f1613
gorilla,1.42,71.136,#1df1a
gorilla,1.252,109.911,#1ed14
gorilla,1.478,157.054,#180b
bonobo,0.793,29.935,#27262e
bonobo,0.716,45.608,#291517
orangutan,0.979,32.992,#c35df
,0.83,57.583,#1d141b
gorilla,1.406,158.314,#f23
,0.704,46.886,#191917
bonobo,0.741,31.801,#1e172a
orangutan,0.967,48.838,#cd67c
,1.485,55.995,#d16016
orangutan,1.01,38.653,#c3661f
,0.708,28.253,#17142f
bonobo,0.719,32.408,#11292e
,1.507,221.005,#191b19
bonobo,0.783,58.248,#182130
,0.708,32.311,#142c13
bonobo,0.797,31.962,#22112d
bonobo,0.711,44.646,#113020
bonobo,0.778,28.304,#151814
bonobo,0.804,45.709,#182f1b
orangutan,1.345,53.327,#c36712
,1.021,44.562,#cb5a22
orangutan,1.0,45.548,#cd5d15
gorilla,1.34,88.539,#d1b9
bonobo,0.775,27.737,#2f1f1f
bonobo,0.754,31.578,#181625
orangutan,1.437,55.599,#c75b11
orangutan,1.027,38.393,#cb6a11
orangutan,0.991,44.817,#c8601f
orangutan,1.308,86.891,#d35cf
,0.72,31.758,#30171c
gorilla,1.336,112.189,#23e
orangutan,1.365,52.348,#d75610
bonobo,0.712,34.223,#1d2d30
bonobo,0.794,49.372,#2d1829
bonobo,0.755,49.613,#2c1410
orangutan,1.016,40.073,#d8551c
,1.653,140.548,#620b
,0.815,31.118,#1f172c
gorilla,1.559,184.318,#2c0
gorilla,1.375,83.44,#31620
,1.274,73.578,#ca5b1c
orangutan,1.261,85.357,#d46814
bonobo,0.796,27.952,#161611
,1.35,71.739,#d96123
,1.769,185.699,#20141a
bonobo,0.73,42.761,#261c1e
gorilla,1.494,161.416,#efd
,1.024,44.394,#d8671f
gorilla,1.446,100.823,#ae1b
gorilla,1.665,197.266,#121fd
gorilla,1.333,82.995,#121d16
orangutan,1.313,54.647,#cf6219
bonobo,0.81,30.584,#2e2d10
gorilla,1.732,169.497,#1e1e1a
orangutan,1.008,31.181,#d86813
,0.976,31.865,#d3591b
,0.798,54.494,#142618
orangutan,1.464,86.217,
gorilla,1.477,92.543,
,1.31,58.721,#c76517
,0.816,35.777,#101d12
,0.989,37.644,d4551e
gorilla,1.607,159.535,#201115
orangutan,,84.522,#cb6518
orangutan,1.451,81.746,#c660e
,1.466,90.06,#eb17
,1.001,47.71,#c36018
orangutan,1.045,43.223,#d05c17
gorilla,1.794,143.07,#0f18
gorilla,1.738,144.228,#161a8
gorilla,1.469,171.033,#17812
,0.7,31.701,#262d1f
bonobo,0.703,45.783,#202310
,0.708,32.45,#142a2b
,1.013,44.367,#ce651a
,1.039,38.706,#d36612
,1.368,85.192,#c56719
orangutan,1.442,82.519,ce5b12
gorilla,1.356,73.489,#a181c
bonobo,0.774,29.194,#1a1d29
bonobo,0.775,55.357,#222725
gorilla,1.371,96.65,#d150
orangutan,1.001,48.232,#cb6317
orangutan,1.046,49.711,#c65516
orangutan,1.349,69.213,#c66c19
gorilla,1.696,222.678,#61315
gorilla,1.395,71.577,#1331d
orangutan,1.044,45.609,#c46b11
bonobo,0.706,31.756,#121221
,0.718,58.494,#2d1b20
,1.297,108.224,#16178
bonobo,0.79,32.453,#2d1c1e
,0.723,40.702,#2d1c26
orangutan,1.01,43.489,#c26c19
,1.032,43.514,#c65523
bonobo,0.707,55.577,#1a1929
bonobo,,41.162,#1c231a
bonobo,0.705,54.588,#202915
gorilla,1.467,83.193,#512c
bonobo,0.701,59.074,#211324
gorilla,1.454,112.3,#1c11
bonobo,0.772,29.971,#25111f
,1.68,142.934,#1b11b
bonobo,0.787,30.856,#23262f
bonobo,0.793,42.103,#2b2123
bonobo,0.801,28.764,#1a302d
gorilla,1.621,,#19217
,0.703,28.101,#101627
,0.723,43.648,#2a1f15
gorilla,1.42,81.82,#51416
orangutan,0.987,48.886,#ce6dd
,1.378,101.876,#17a
orangutan,1.341,59.581,#d85d10
,1.467,107.923,#fc13
,0.776,37.092,#111629
,1.258,64.666,#d9561b
orangutan,0.96,,#c560b
,1.469,177.949,#1b101e
orangutan,0.994,36.66,#c35722
,0.757,29.509,#1d241e
,1.334,67.613,#d56716
gorilla,,70.045,#1410c
orangutan,0.959,44.852,#d76612
,1.79,187.474,#3c1f
gorilla,1.262,97.738,#14915
gorilla,1.38,102.781,#1e618
,0.778,43.856,#1b171e
,1.419,102.176,#131e1c
,0.989,48.968,#ca621e
bonobo,0.791,53.02,#27221a
bonobo,0.819,29.964,#2a1220
,0.763,31.322,#2e1729
,0.952,44.099,#cc591c
bonobo,0.806,39.521,#1f1717
bonobo,0.701,51.395,#1e1830
gorilla,1.73,150.733,#111f0
gorilla,1.772,194.384,#121712
gorilla,1.288,98.28,#17310
,0.997,37.979,#c36c11
orangutan,1.37,63.13,#d35ec
,,207.246,#a14
,1.353,72.302,#c1e7
,0.788,29.775,#2a1128
bonobo,0.824,32.217,#121d12
gorilla,1.256,96.656,#131513
gorilla,1.773,211.623,#15b1b
,1.429,154.338,#b151e
bonobo,0.817,27.674,#301a25
orangutan,1.038,31.01,#c35ae
,1.522,192.626,#ce2
,0.783,32.243,#1f2317
bonobo,0.73,29.337,#17211d
,1.278,77.11,#1afd
gorilla,1.585,189.334,#131c1f
orangutan,0.975,41.851,#d66819
orangutan,1.364,53.976,#d05c18
orangutan,0.986,47.995,#d75e10
bonobo,0.802,28.53,#29272a
gorilla,1.313,92.12,#1f1f14
,1.438,77.177,#cc6111
bonobo,0.818,40.107,#151f18
orangutan,1.423,87.244,#d96019
,1.31,81.958,#cb6b21
gorilla,1.539,200.436,#3114
bonobo,0.736,54.421,#202d2d
bonobo,0.802,44.575,#241f2a
gorilla,1.357,68.146,#218b
gorilla,1.677,210.817,#1b413
,0.784,27.997,#20101e
gorilla,1.417,163.37,#151f
orangutan,0.989,42.247,#d06b19
bonobo,0.743,52.198,#201f10
orangutan,1.409,51.628,#da6520
gorilla,1.47,150.667,#f11d
,1.292,84.007,#b713
,0.76,31.999,#30261f
orangutan,1.002,39.205,#d35917
gorilla,1.695,194.068,#3920
orangutan,1.402,51.939,#d05c11
,0.99,48.114,#c35812
,0.701,36.5,#25172a
bonobo,0.813,30.942,#291223
,1.492,110.449,#155a
gorilla,1.749,171.838,#11915
gorilla,1.441,215.219,#15e6
,1.325,59.935,#d25a17
,1.478,91.046,#6121e
gorilla,1.256,96.169,#2612
bonobo,0.777,27.87,#2f1e2f
,1.32,78.434,#cd6cf
orangutan,1.02,40.906,#da5e20
bonobo,0.743,51.167,#1d1e28
,1.351,108.516,#0171b
,1.454,81.035,#d85b1f
orangutan,1.465,55.862,#c6571a
orangutan,1.46,78.139,#d16313
bonobo,0.703,57.819,#282527
orangutan,0.968,32.738,#c45b21
,1.374,66.12,#cc5821
,1.412,68.155,#c66c13
,0.743,34.751,#2f1a21
orangutan,0.961,48.35,#c96b1f
,0.75,27.768,#2b1112
bonobo,0.797,46.856,#161314
gorilla,1.383,109.714,#1f1519
orangutan,1.039,40.623,#c56de
,1.328,67.272,#d06a1d
,1.315,63.974,#d36ae
,0.808,28.402,#1c2627
bonobo,0.758,50.989,#1f272c
,1.418,80.257,#bc13
bonobo,0.736,31.783,#261b11
orangutan,1.422,85.501,#cc6223
,1.458,92.215,#e161a
gorilla,1.489,70.21,#ac9
bonobo,0.766,59.884,#291212
orangutan,1.048,34.686,#ca6317
,0.753,48.185,#291b2e
bonobo,0.768,28.928,#1d1413
bonobo,0.737,28.517,#20272d
gorilla,1.283,92.97,#20613
gorilla,1.725,211.472,#121d4
,0.799,28.559,#183019
orangutan,,77.666,#c56315
,1.352,82.982,#51f13
bonobo,0.701,30.113,#142428
bonobo,0.814,28.541,#272614
bonobo,0.765,47.253,#13222d
orangutan,1.002,40.024,#c7651c
gorilla,1.474,89.338,#4207
bonobo,0.702,31.742,#2e2214
bonobo,0.781,40.883,#1b2212
gorilla,1.747,196.551,#1477
bonobo,0.812,58.87,#101019
,1.467,223.426,#11135
,1.336,89.334,#d56d1a
bonobo,0.819,28.304,#12261c
orangutan,1.317,77.746,#c55d21
,1.582,195.256,#101f
,0.998,44.993,#c46bd
gorilla,1.44,,#61b1e
,1.791,163.264,1f161e
gorilla,1.741,,#1c71e
,1.607,166.682,#0015
,0.71,35.419,#2b1e20
gorilla,1.751,142.763,#2c1f
orangutan,1.324,72.19,#c75914
gorilla,1.459,168.388,#74e
orangutan,1.257,57.204,#da6711
bonobo,0.798,37.996,#25142b
,1.265,110.01,#498
orangutan,1.011,37.765,#c266d
bonobo,0.804,40.035,#1c2925
bonobo,0.731,28.818,#122723
bonobo,0.785,38.019,#181710
,1.335,87.077,#cd5e12
orangutan,0.988,47.807,#cb621e
orangutan,1.457,63.316,#d05e15
bonobo,0.714,47.031,#15192f
,1.377,59.678,#c862f
,1.007,33.446,#d8601f
,1.319,86.846,#61fd
gorilla,1.413,87.268,#13143
orangutan,1.027,40.285,#c35c16
,1.024,44.166,#d35ae
bonobo,0.816,48.302,#1b2827
gorilla,1.395,109.866,#d1c7
,0.706,36.017,#202c1d
orangutan,0.956,,
bonobo,0.811,55.477,#182319
bonobo,0.762,35.681,#192712
bonobo,0.806,31.713,#1f1111
orangutan,0.959,46.629,#cc681e
,1.351,81.938,#99f
bonobo,0.732,42.404,#271713
bonobo,0.791,30.389,#172c21
gorilla,1.476,188.422,#1f111
gorilla,1.566,204.58,#ef19
bonobo,0.737,29.152,#2d1223
,1.311,89.903,#5010
,1.304,98.889,#615b
gorilla,1.364,81.168,#8201a
,1.475,215.825,#14201e
,0.781,32.212,#1a2a2e
bonobo,0.756,48.452,#282e18
bonobo,0.711,44.9,#1d171a
orangutan,1.001,45.3,#cc5917
bonobo,0.747,30.843,#11302e
orangutan,1.367,87.025,#da6720
bonobo,0.715,29.982,#2a2b21
orangutan,0.966,39.057,#d05a14
bonobo,0.753,30.889,#162722
,1.406,109.157,#a1a1c
bonobo,0.774,43.238,#231210
gorilla,1.28,88.544,#1451c
,1.02,49.078,#c7601e
,0.996,42.918,#d56116
gorilla,1.386,70.999,#0f15
orangutan,1.438,88.026,#d9561c
bonobo,,31.523,#2e1f13
,1.413,182.813,#01219
orangutan,0.981,34.848,#d45e1c
orangutan,0.966,49.553,#cb6c11
orangutan,0.984,48.912,#d4551a
bonobo,0.705,29.593,#231519
bonobo,0.733,44.207,#151128
gorilla,1.569,136.569,#6a1a
bonobo,0.756,32.019,#20151b
orangutan,1.42,62.501,#c85d13
gorilla,1.471,138.183,#2157
orangutan,1.413,76.078,#c66712
gorilla,1.618,182.981,#b2a
orangutan,1.414,55.035,#cf6417
gorilla,1.438,98.691,#71513
gorilla,1.276,98.887,#161611
gorilla,1.34,103.827,#b1b0
gorilla,1.6,152.601,#172018
gorilla,1.265,71.667,#10918
bonobo,0.794,27.815,#1b231c
gorilla,1.635,191.593,#1c110
,1.044,43.239,#c36715
,0.712,30.756,#1f2a24
,0.826,58.136,#172d1e
gorilla,1.252,75.206,#7919
gorilla,1.634,192.333,#11814
gorilla,1.497,84.018,#9117
,1.41,107.406,#1c820
bonobo,0.786,29.372,#182828
,1.496,69.461,#d85811
gorilla,1.443,110.998,#207b
,0.782,28.959,#1d171f
,0.772,29.418,#191415
gorilla,1.462,226.264,#151118
bonobo,0.797,31.172,#142e2a
bonobo,0.743,32.279,#1b1c10
,0.981,33.847,#ce691b
,1.743,152.822,#c1b
,1.274,68.865,#15126
bonobo,0.766,27.784,#211222
orangutan,1.383,64.431,#d55c15
orangutan,1.306,80.077,#c66210
gorilla,1.392,92.155,#142e
,0.762,50.461,#282f10
,1.586,164.766,#e1cb
bonobo,0.817,47.1,#25152b
bonobo,0.755,44.48,#27181d
,1.483,220.226,#412a
,0.975,36.149,#d0621e
,1.297,51.912,#c45d23
gorilla,1.695,187.675,#f610
gorilla,1.328,100.718,#1e1ed
bonobo,0.788,27.609,#132929
orangutan,1.011,36.485,#ca69e
,0.952,42.671,#d26213
orangutan,1.007,39.587,#c66a1b
gorilla,1.428,158.557,#410
,1.795,161.829,#f1e14
bonobo,0.799,51.101,#261127
gorilla,1.403,80.09,#1d1b1c
bonobo,0.704,29.517,#222a17
bonobo,0.826,28.877,#271e2c
bonobo,0.78,32.209,#191319
orangutan,1.412,78.798,#d76b23
gorilla,1.72,189.969,#2a17
orangutan,1.293,62.377,#c3571b
orangutan,1.498,50.502,#d05613
gorilla,1.627,183.543,#4205
,1.375,70.033,#991f
bonobo,0.746,58.288,#232e16
orangutan,1.489,54.508,#cc6210
gorilla,1.779,138.717,#3d5
gorilla,1.78,207.806,#8161a
gorilla,1.401,180.326,#111cd
gorilla,1.722,165.135,#5b13
gorilla,1.645,157.107,#0b7
gorilla,1.418,137.603,#6ed
,0.763,29.388,#1a1116
,1.6,159.8,#1b21a
gorilla,1.574,194.66,#191e
,1.332,107.311,#10181d
orangutan,0.988,33.767,#d96a10
gorilla,1.455,185.148,#51dd
,0.731,31.693,#261c1d
orangutan,1.342,57.067,#c76b15
bonobo,0.803,29.235,#192f2b
gorilla,1.68,146.77,#515e
bonobo,0.742,28.807,#191d11
bonobo,0.756,30.696,#2b1e2c
bonobo,0.822,29.625,#181d1d
bonobo,0.801,29.498,#2f1313
orangutan,1.384,55.262,#d25d1a
bonobo,0.809,46.745,#292826
gorilla,1.32,93.191,#d171d
,0.801,37.602,#2f2c1d
,0.741,36.403,#13131b
orangutan,1.005,39.58,#d15817
,1.493,71.221,#10e4
orangutan,1.302,85.893,
,1.01,36.582,#c367e
,0.783,30.696,#1b2429
orangutan,1.358,54.202,#da5823
bonobo,0.707,27.632,#111819
gorilla,1.605,201.676,#1e171c
,0.819,44.002,#103011
gorilla,1.416,212.434,#10ee
bonobo,0.77,47.798,#142d29
,1.322,105.277,#1461
orangutan,1.371,73.746,cd6917
gorilla,1.358,105.156,#d88
orangutan,0.975,36.57,#c4661b
orangutan,1.396,59.876,#cf6c17
,1.014,39.478,#cf591d
bonobo,0.828,28.308,#26292c
,1.361,109.813,#6c8
bonobo,0.783,31.706,#2a2922
orangutan,1.381,50.428,#c96017
bonobo,0.749,29.278,#201624
,1.316,75.316,#58c
bonobo,0.826,46.105,
orangutan,1.396,76.632,#ce64f
,1.295,67.253,#c66a13
bonobo,0.77,34.49,#201610
gorilla,1.427,186.683,#101815
bonobo,0.776,30.929,#122f11
,1.029,34.188,#d76b20
,1.387,79.035,#c35d20
gorilla,1.732,143.168,#1e118
bonobo,0.791,53.012,#282325
orangutan,1.02,33.964,#c56a13
,0.726,51.173,#2a1e17
,1.65,152.63,#51a6
orangutan,1.262,86.013,#cb6020
gorilla,1.495,112.543,#208d
bonobo,0.801,54.573,#2c2925
,0.799,37.598,#152c18
bonobo,0.725,35.076,#1e1d27
gorilla,1.407,71.576,#18c8
,1.388,50.916,#cf6a1e
orangutan,1.436,61.449,#ce6c11
gorilla,1.658,163.913,#1815a
bonobo,0.745,32.401,#252e2a
orangutan,0.958,31.732,#ca6919
,1.603,148.047,#1fb18
orangutan,1.251,73.033,#ca601e
bonobo,0.714,29.334,#201616
gorilla,1.372,80.105,#b171a
,1.546,167.289,#20151e
orangutan,1.362,63.276,#c9551b
,1.281,111.356,#1201d
gorilla,1.407,173.534,#13b9
gorilla,1.26,91.566,#11b8
bonobo,0.815,27.545,#17202d
gorilla,1.782,212.774,#2e1
gorilla,1.476,87.653,#17a3
orangutan,0.999,48.668,#d16b1a
gorilla,1.396,74.333,#81010
orangutan,1.046,37.132,#d3611e
orangutan,0.984,42.011,#cf5619
bonobo,0.803,36.398,#2d1f2a
orangutan,1.343,58.078,#cd631b
orangutan,1.426,,#d85922
gorilla,1.354,76.089,#2f1c
bonobo,0.741,32.013,#1b2914
orangutan,0.988,42.607,#c85813
orangutan,1.423,65.965,#d1611f
orangutan,1.029,42.745,#c25e14
orangutan,1.337,51.412,#d65b18
,1.026,37.542,#cb5c1d
orangutan,1.33,59.548,#d26310
bonobo,0.813,41.26,#1f1213
,1.012,43.096,#d16217
gorilla,1.462,69.669,#1f109
gorilla,1.669,221.068,#120
,1.284,81.684,#c2671e
bonobo,0.763,28.613,#2f252b
gorilla,1.443,76.708,#f41e
orangutan,1.013,37.279,#cb6a1b
,1.341,96.106,#91413
bonobo,0.748,38.383,#202016
orangutan,,87.649,#c4681e
bonobo,0.745,55.701,#122327
bonobo,0.75,57.635,#1b2323
orangutan,1.495,74.892,#d565c
gorilla,1.424,101.574,#01416
gorilla,1.272,100.904,#d1020
orangutan,0.995,39.663,#c65810
,1.432,87.729,#c8681a
orangutan,1.297,50.09,#d36110
bonobo,0.742,30.689,#11132f
gorilla,1.489,154.774,#121f1b
bonobo,0.788,30.517,#152429
gorilla,1.467,82.699,#1511e
gorilla,1.44,85.496,#141416
,0.954,48.351,#c7651d
orangutan,1.372,56.153,#c969b
,0.75,51.695,#2b2320
bonobo,0.819,56.778,#2f1e19
bonobo,0.782,29.224,#151615
gorilla,1.326,81.893,#1d101b
,0.728,56.92,#211c26
bonobo,0.779,29.009,#252a1d
orangutan,1.003,49.407,#d669f
gorilla,1.364,80.208,#f171c
gorilla,1.256,90.73,#111fa
,0.995,45.066,#da5e1b
,1.437,72.98,#c46416
gorilla,1.649,170.687,#1b185
bonobo,0.742,49.667,#242428
,0.748,30.544,#1a1011
orangutan,0.972,42.163,#c3681c
,0.976,32.601,#c96a21
gorilla,1.34,81.323,#1847
,0.723,40.009,#282c25
gorilla,1.472,106.293,#1801e
bonobo,0.763,30.62,#302317
orangutan,0.983,36.504,#d16820
,1.291,61.348,#cf6220
,1.319,104.517,#5181a
gorilla,1.478,154.094,#17141
,0.824,55.014,#1a2f2d
bonobo,0.793,35.444,#1d2225
bonobo,0.763,31.438,#191b2e
gorilla,1.661,142.481,#e39
gorilla,1.726,202.701,#16171
orangutan,1.437,64.194,#d75a11
bonobo,0.784,46.362,#18172c
orangutan,1.265,52.412,#c45d1e
bonobo,0.785,27.712,#23282e
bonobo,0.735,51.038,#291e1c
,0.973,33.7,#d2661f
orangutan,1.026,31.533,#cd5f22
bonobo,0.77,31.651,#141d29
,1.262,64.274,#c25b1a
gorilla,1.788,138.167,#15161d
orangutan,1.494,50.319,#c2571f
bonobo,0.732,58.159,#1a2021
bonobo,0.754,30.486,#1e201b
gorilla,1.429,188.011,#12210
orangutan,1.409,64.835,#d55c17
orangutan,1.293,69.516,#d55f22
bonobo,0.705,31.893,#201629
gorilla,1.314,89.465,#81e16
bonobo,0.813,40.302,#2a1a11
bonobo,0.79,31.029,#2a1e12
,0.765,50.948,#15151f
orangutan,1.439,61.676,#d86413
,0.957,35.624,#d36621
gorilla,1.598,161.06,#1561e
orangutan,0.969,33.749,#c45ff
bonobo,0.804,29.619,#2d1c1b
gorilla,1.736,225.054,#131817
orangutan,1.431,54.584,#d462b
gorilla,1.508,169.26,#18013
orangutan,1.01,44.31,#ce561c
gorilla,,213.485,#f1bb
orangutan,1.289,51.602,#d75d1e
gorilla,1.606,173.866,#9201
bonobo,0.771,29.338,#24202e
bonobo,0.711,59.023,#2c2a15
,1.575,222.629,#7fc
gorilla,1.263,111.085,#1e813
orangutan,1.013,40.593,#cb5620
bonobo,0.778,29.257,#1c1513
gorilla,1.401,109.329,#1a26
bonobo,0.814,38.322,#242222
,1.608,216.087,#7109
,1.008,37.587,#d55d11
bonobo,0.802,28.138,#29111f
gorilla,1.654,179.472,#191e18
,1.033,43.741,#cf6cc
gorilla,1.5,154.543,#7c6
orangutan,1.435,85.633,#cf691c
bonobo,0.791,53.908,#25202b
,1.429,50.752,#d95714
orangutan,1.389,72.885,#d4681c
,1.269,,#1e220
gorilla,1.744,159.101,#131f16
,1.015,42.535,#d25f21
orangutan,1.486,89.177,#d36810
bonobo,0.759,46.586,#162f2d
gorilla,1.405,107.989,#1c1d13
gorilla,1.263,84.641,#1a1817
bonobo,0.725,29.406,#221718
bonobo,0.714,36.028,#241c1b
orangutan,1.048,42.406,#cb571a
orangutan,1.039,46.641,#da5e1d
orangutan,1.383,,#d7621c
orangutan,1.263,79.208,#c85e16
bonobo,0.784,51.287,#222114
gorilla,1.492,163.065,#f1914
,1.048,42.742,#d25d18
orangutan,0.972,43.279,#da66e
bonobo,0.804,31.813,#2e2b16
,1.445,104.491,#ad15
orangutan,1.395,69.128,#ca6916
orangutan,0.958,31.839,#c36c15
orangutan,1.3,72.508,#da5523
bonobo,0.742,31.49,#202711
,0.823,39.887,#201a27
,0.785,31.623,#2e2322
gorilla,1.683,226.04,#47e
bonobo,0.701,59.903,#141026
bonobo,0.778,30.991,#162d1f
gorilla,1.442,77.667,#171b1e
gorilla,1.49,197.019,#b2e
,1.434,84.598,#d95e1e
orangutan,0.96,36.184,#d35922
orangutan,1.032,46.82,#cf5f1c
orangutan,1.325,69.397,#ce631b
orangutan,1.412,70.201,#d0571e
orangutan,0.982,38.351,#d05b1f
gorilla,1.423,75.439,#151f9
bonobo,0.814,30.156,#2e2218
orangutan,0.989,46.237,#da6c1d
orangutan,1.346,80.53,#ce6b23
gorilla,1.669,219.989,#91815
bonobo,0.799,58.169,#24182c
gorilla,1.462,87.248,#91912
gorilla,1.492,89.909,#b1d9
bonobo,0.721,28.672,#282626
,1.494,70.037,#d068d
gorilla,1.523,216.433,#481c
gorilla,1.424,112.256,#51712
bonobo,0.736,31.231,#28242b
gorilla,1.46,107.699,#4100
gorilla,1.396,94.041,#121514
bonobo,0.723,30.702,#25292d
orangutan,1.265,83.581,#d85b1b
,1.575,180.913,1cb4
bonobo,0.75,29.466,#2f242c
gorilla,1.496,85.563,#141610
bonobo,0.779,47.097,#142012
bonobo,0.794,32.202,#221f12
orangutan,1.306,84.948,#d06817
gorilla,1.373,109.01,#14171
,1.453,147.363,#12c2
orangutan,1.386,81.204,#d35bb
orangutan,1.002,37.381,#c66811
,1.461,62.393,#c56120
orangutan,1.398,87.217,#c96b13
bonobo,0.786,47.181,#2c1c26
,1.607,200.82,1bf0
,0.829,37.577,#222414
bonobo,0.715,30.563,#1d2824
gorilla,1.488,106.721,#8da
,1.495,136.818,13175
gorilla,1.532,194.229,#0191f
,0.728,52.474,#15232f
orangutan,1.28,60.736,#d16912
orangutan,0.953,43.681,#d4691d
bonobo,0.81,28.364,#291c1d
orangutan,1.486,86.745,#d55523
orangutan,1.439,82.937,#c26118
gorilla,1.438,152.694,#151a
bonobo,0.703,31.886,#17261a
gorilla,1.613,187.922,#1401a
gorilla,1.399,79.536,#4161
gorilla,1.49,111.732,#111612
orangutan,1.016,38.523,#d96510
bonobo,0.751,27.916,#271015
bonobo,0.817,28.357,#1f2027
orangutan,1.353,87.556,cb6921
orangutan,1.262,65.051,#c26220
orangutan,1.441,67.53,#d16515
bonobo,0.826,28.297,#171719
,0.804,31.169,#181e11
gorilla,1.402,159.841,#8314
gorilla,1.254,73.236,#191d1e
orangutan,,31.142,#c3691d
orangutan,1.266,61.319,#c36be
bonobo,0.7,35.61,#262e15
orangutan,1.498,74.912,#d76419
orangutan,0.962,44.722,#d6561b
bonobo,0.733,32.229,#11101d
bonobo,0.73,29.675,#2e301a
orangutan,1.013,43.901,#da6210
orangutan,1.282,82.235,#d5651f
gorilla,1.44,86.807,#bb13
orangutan,1.02,40.864,#c76d1d
,0.756,58.821,#2d2e24
gorilla,1.502,210.23,#131120
,1.314,101.31,#1b1b
bonobo,0.739,55.228,#182f17
,0.736,32.422,#19202d
gorilla,1.506,160.243,#17cd
,0.789,28.868,#241b13
orangutan,0.955,49.411,#c56314
gorilla,1.467,144.201,#9d1b
bonobo,0.792,45.78,#2c1412
,0.984,46.442,#cd6a10
gorilla,1.762,222.412,#91814
bonobo,0.793,32.074,#292223
,1.025,38.924,#d96819
,1.264,78.558,#c85816
,0.756,57.396,#292710
,0.807,58.456,#211416
bonobo,0.73,29.884,#15222d
,1.6,162.365,#b89
,0.95,32.259,#c65e11
,0.816,28.075,#272d30
orangutan,1.279,65.979,
,1.012,40.645,#da6321
orangutan,1.009,35.498,#cd551d
orangutan,0.982,46.502,#c35c22
orangutan,1.005,40.684,#d6671f
orangutan,1.48,58.84,#cd5a12
,0.71,30.732,#241e1e
orangutan,1.343,51.679,#cd6a10
orangutan,0.975,,#c36ab
orangutan,1.423,62.781,#c86020
gorilla,1.417,85.852,#6164
,0.783,,#2e1613
,1.04,42.517,#cf631f
bonobo,0.738,27.563,#132020
gorilla,1.268,103.248,#b16a
gorilla,1.337,85.476,#1a53
,1.355,91.189,#1d1f12
bonobo,0.823,31.666,#202926
gorilla,1.499,190.894,#61310
,1.789,146.217,#271b
gorilla,1.325,96.88,#201b17
bonobo,0.8,32.047,#272a2d
bonobo,0.809,32.202,#142c17
,0.73,32.31,#2e171a
,1.419,142.352,#b1113
,1.032,41.747,#c865f
,1.756,173.845,#231e
gorilla,1.782,196.797,#c518
gorilla,1.482,84.395,#201c0
gorilla,1.41,149.536,#2f4
orangutan,1.465,78.212,#c95ab
,0.745,35.878,#2c2819
gorilla,1.623,151.55,#1e819
,0.735,30.367,#2a1813
,0.999,47.876,#c35d1e
bonobo,0.806,47.754,#132724
orangutan,0.956,34.294,#d2581d
orangutan,1.467,52.895,#d8601a
orangutan,1.398,54.353,#c25c1f
,1.044,38.223,#cc6b17
bonobo,0.801,31.192,#122712
gorilla,1.764,177.457,#8210
orangutan,1.261,51.865,#da6723
,0.755,57.136,#1f2515
orangutan,1.278,56.454,#da55b
,1.428,174.742,#d91e
,0.763,29.203,#26241f
bonobo,0.772,29.813,#2d1629
,1.434,55.194,#c76ab
orangutan,1.298,81.426,#c96820
gorilla,1.458,91.063,#155a
bonobo,0.71,27.834,#1a1b12
,0.822,51.429,#212811
orangutan,1.267,68.635,#cd561b
orangutan,1.014,39.166,#cb611f
gorilla,1.311,108.019,#13214
bonobo,0.736,37.013,#2d2229
gorilla,1.662,173.96,#c71b
orangutan,1.305,84.792,#d3681c
gorilla,1.606,171.76,#11a4
bonobo,0.787,49.908,#1b2419
gorilla,1.468,91.774,#1b121d
gorilla,1.659,141.243,#16810
,1.039,33.133,#cb61f
orangutan,1.414,87.275,#cb5619
gorilla,1.738,188.72,#1915
gorilla,1.484,73.235,#128c
,1.286,63.085,#d86af
gorilla,1.462,109.379,#24e
gorilla,1.474,92.265,#e1015
,0.814,39.78,#182b1d
orangutan,1.273,66.552,#d15a13
orangutan,1.492,60.836,#d55e1c
bonobo,0.753,49.229,#1c1a2c
,1.438,66.403,#d75917
orangutan,1.301,59.794,#d15b1e
,0.737,29.044,#30122b
,1.253,103.378,#1f4
gorilla,1.303,97.554,#4b2
bonobo,0.716,46.467,#17142d
gorilla,1.727,204.582,
orangutan,1.473,62.163,#c36210
gorilla,1.54,191.488,#1f71f
gorilla,1.433,110.15,#4416
bonobo,0.703,57.712,#302a29
,1.326,86.41,#f1b10
,1.27,,#d46216
bonobo,0.768,48.537,#292e1d
,0.782,45.445,#2f131a
gorilla,1.259,108.293,#9e6
gorilla,1.597,161.674,#b37
gorilla,1.4,110.735,#c51c
gorilla,1.661,168.724,#ba13
bonobo,0.745,31.616,#201327
gorilla,1.339,72.063,#1d41e
,1.68,220.867,#1d1d1b
gorilla,1.539,182.121,#c141
orangutan,1.34,66.054,#d65c1a
gorilla,1.547,164.933,#b1e5
,0.743,50.706,#261e19
gorilla,1.717,151.061,#21a10
orangutan,1.424,59.747,#d269d
orangutan,1.287,80.103,#c2581e
bonobo,0.705,51.479,#181d18
orangutan,1.293,89.155,#d95b1f
orangutan,0.967,33.304,#d856f
orangutan,0.97,31.305,#cb60b
bonobo,0.771,27.872,#29152b
gorilla,1.274,86.493,#d110
,1.481,86.066,#d06c17
orangutan,1.309,63.33,#ce6af
bonobo,0.703,30.684,#232914
orangutan,1.048,43.072,#cc57b
,0.814,34.905,#281016
,1.447,218.333,#81f20
bonobo,0.767,53.533,#21111d
,1.445,112.204,#16e
orangutan,0.961,36.237,#c65821
orangutan,0.972,30.156,#da5c12
bonobo,0.787,31.737,#201c29
gorilla,1.253,93.688,#b1f0
orangutan,1.442,62.436,#c35e1f
gorilla,1.771,225.297,#9513
gorilla,1.404,92.396,#9f1c
gorilla,1.627,201.054,#201519
bonobo,0.716,28.831,#30222f
orangutan,1.04,35.754,#c46715
,0.747,52.458,#171629
bonobo,0.773,29.404,#192d21
gorilla,1.455,94.515,#21f18
bonobo,0.724,31.491,#1b1a17
orangutan,1.469,55.501,#c25718
gorilla,1.298,86.268,#1e1ac
bonobo,0.825,56.923,#16211f
bonobo,0.799,32.003,#1c1826
,0.818,28.787,#192923
orangutan,1.345,51.003,#ca6510
,1.283,78.183,#20190
,1.005,39.481,#d06412
gorilla,1.354,100.931,#131f1
,0.817,38.607,#1c1c1e
orangutan,1.456,53.622,d65c19
,0.825,31.145,#301313
,1.45,77.753,#d45d14
orangutan,1.017,48.379,#cc6513
gorilla,1.262,89.012,#165
orangutan,1.263,67.268,#d06710
,0.711,32.362,#2b3014
,0.795,31.88,#1b2b11
orangutan,1.463,69.512,#c75b12
bonobo,0.742,54.008,#282127
bonobo,0.744,28.695,#30121c
gorilla,1.384,96.976,#1f1c2
bonobo,0.748,28.338,#112017
orangutan,1.471,79.49,#c76519
bonobo,0.779,58.108,#2a2523
gorilla,1.698,177.97,#1721
bonobo,0.744,39.282,#182611
orangutan,0.983,38.543,#cb66e
orangutan,1.29,82.106,
orangutan,1.268,62.996,#c76a15
bonobo,0.813,30.847,#271222
orangutan,0.995,42.999,#da67e
,0.785,34.789,#271019
bonobo,0.703,57.382,#2a121a
orangutan,1.323,53.752,#c255f
orangutan,1.415,84.812,#cf5fc
,0.961,36.492,#c36620
orangutan,1.008,49.019,#d25915
gorilla,1.681,143.132,#1505
,0.734,50.578,#2c1b15
,0.976,42.51,#c25d1c
bonobo,0.707,52.437,#161311
,1.686,199.271,#91a19
gorilla,1.705,199.542,#131219
orangutan,1.301,75.614,#cd6421
gorilla,1.371,90.037,#24d
bonobo,0.743,45.506,#272218
orangutan,0.996,44.514,#c469f
,,49.06,#c35a11
gorilla,1.562,152.549,#201310
gorilla,1.692,140.583,#6191a
,1.349,110.149,#10413
gorilla,1.423,226.025,#1e1714
,0.998,43.391,#d15722
gorilla,1.622,225.482,#843
bonobo,0.816,51.795,#211226
,0.969,34.591,#d4651d
,1.253,77.626,#d55c1f
gorilla,1.609,205.073,#aed
bonobo,0.719,49.723,#112624
orangutan,1.272,64.869,#d55b1a
,0.806,30.412,#24122b
orangutan,1.033,34.806,#c56011
bonobo,0.71,57.204,#2d2c2c
bonobo,0.815,32.39,#162c28
orangutan,1.412,77.859,#d06a11
,1.613,191.724,#1ec1d
gorilla,1.439,90.475,#f018
bonobo,0.711,49.333,#292415
gorilla,1.387,94.56,#111a
gorilla,1.363,83.338,#61b5
bonobo,0.73,43.045,#221028
orangutan,1.493,59.281,#cb6a17
orangutan,0.961,38.376,#c66113
orangutan,1.33,56.554,#ce5518
bonobo,0.723,31.171,#1f202a
bonobo,0.747,28.946,#192327
gorilla,1.339,93.117,#1881
,0.734,48.924,#211c20
,1.484,71.564,#e16d
bonobo,0.804,28.901,#2d242c
gorilla,1.327,87.923,#1527
,1.501,205.839,#1e317
gorilla,1.711,147.818,#1801b
gorilla,1.637,170.802,#11de
orangutan,1.426,85.659,#c76c1a
bonobo,0.704,28.581,#23111d
,1.353,82.997,#ce6710
orangutan,0.981,30.084,#c66110
bonobo,0.759,59.096,#1f102e
gorilla,1.763,201.822,#4151b
gorilla,1.468,142.868,#1a198
gorilla,1.601,139.58,#2810
,1.793,182.395,#1c6a
orangutan,1.492,69.316,#ca5914
orangutan,0.999,49.637,#d85d13
orangutan,0.958,46.074,#c75f1e
bonobo,0.816,29.494,#2c2327
gorilla,1.603,203.967,#777
orangutan,0.993,32.914,#cc6b12
orangutan,1.026,44.77,#c85a18
orangutan,1.44,55.278,#d36ce
bonobo,0.712,58.147,#111c21
,1.349,110.16,#1e71
bonobo,0.817,57.627,#2e2b1e
bonobo,0.829,48.071,#2c2c19
,1.633,180.333,#181ab
bonobo,0.74,46.269,#112215
bonobo,0.816,58.482,#2b2716
orangutan,1.359,65.902,#c760f
,0.799,31.451,#10151f
,0.779,29.239,#181715
gorilla,1.707,137.946,#b161d
,0.817,52.315,#101620
gorilla,1.251,107.462,#46f
orangutan,1.388,87.16,#c25c1b
,1.407,60.013,#c958c
orangutan,1.001,44.331,#d76715
,1.001,48.889,#d25c14
orangutan,1.016,31.779,#d15819
gorilla,1.671,141.108,#111514
,0.965,45.967,#cc601f
orangutan,1.403,78.783,#d45919
gorilla,1.285,72.59,#201d14
gorilla,1.437,75.152,#3a1c
gorilla,1.564,178.336,#14111d
bonobo,0.778,31.254,#261b1b
bonobo,0.784,48.074,#222e2d
,1.338,104.185,#a160
orangutan,0.968,39.903,#c25618
bonobo,0.761,28.412,#14242d
,0.801,30.451,#1e102d
,0.783,28.547,#21262c
orangutan,1.031,48.535,#cc6723
gorilla,1.439,92.125,d11a
orangutan,1.023,40.389,#d95cb
bonobo,0.727,27.826,#122b1e
bonobo,0.811,30.855,#2b2d1d
gorilla,1.467,98.669,#0201f
,0.732,31.793,#2d2a29
orangutan,1.251,87.799,#da5e14
bonobo,0.715,37.363,#112723
bonobo,0.81,56.219,#142f14
orangutan,1.426,65.743,#d66c23
bonobo,0.756,27.962,#102330
bonobo,0.701,55.654,#261b28
bonobo,0.783,32.466,#301630
gorilla,1.49,112.963,#20e18
,0.81,43.852,#212124
,0.774,42.224,#2a1b24
orangutan,0.97,45.525,#d756c
,1.548,190.117,#21f
gorilla,1.514,136.092,#20511
gorilla,1.651,224.904,#101bf
orangutan,1.269,73.694,#c46113
orangutan,1.487,60.368,#d35bf
bonobo,0.819,53.03,#1d301d
bonobo,0.774,43.223,#2a1c1f
gorilla,1.292,92.329,#1198
bonobo,0.779,31.665,#1f2b22
orangutan,0.96,33.11,#cd5511
bonobo,0.751,32.0,#2c2f19
,0.822,37.035,#181d1c
,0.721,27.612,#2b2e19
gorilla,1.605,167.027,#14f12
,1.425,196.717,#1055
gorilla,1.746,198.472,#14612
,1.462,99.392,#1b20e
bonobo,0.778,27.962,#2f2c23
gorilla,1.324,87.498,#17ce
orangutan,0.952,42.769,#d15618
bonobo,0.799,41.236,#20182b
orangutan,1.039,39.999,#cd6520
,1.379,69.279,#d06520
,0.722,47.589,#182a24
gorilla,1.779,217.154,#4912
orangutan,1.042,30.342,#c36215
bonobo,0.789,41.708,#241412
orangutan,0.986,41.446,#c95a12
gorilla,1.404,87.667,#d81e
bonobo,0.721,46.771,#20121f
gorilla,1.416,195.513,#1d88
orangutan,0.973,45.93,#da631a
,0.748,27.683,#112116
,1.419,83.353,#101a1a
gorilla,1.269,80.566,#466
orangutan,0.963,40.944,#ce6d15
,1.432,78.425,#d55be
gorilla,1.429,69.251,#2011d
gorilla,1.498,74.485,#111f16
gorilla,1.372,79.628,
gorilla,1.659,174.117,#15101f
orangutan,0.953,38.23,#d45921
gorilla,1.402,178.552,#1517b
gorilla,1.624,225.53,#15911
bonobo,0.751,39.933,#27302c
bonobo,0.747,53.985,#252811
,1.253,75.344,#0140
orangutan,1.392,67.661,#c95b23
orangutan,1.486,76.675,#cd5dd
bonobo,0.803,44.681,#2e2f17
orangutan,1.42,85.66,#d75720
orangutan,1.334,53.873,#c25710
bonobo,0.706,42.817,#1a151f
bonobo,0.727,29.259,#291b2c
orangutan,1.002,41.013,#c266c
orangutan,1.402,72.283,#ca5f21
bonobo,0.828,46.167,#132517
orangutan,1.38,67.893,#da6213
bonobo,0.792,30.59,#222726
orangutan,1.318,82.351,#d456c
bonobo,0.82,44.339,#171f1d
bonobo,0.763,56.412,#16192c
,1.461,92.926,#9168
,1.796,152.501,#1198
orangutan,0.978,30.869,#d2691c
bonobo,0.711,29.069,#20251d
gorilla,1.622,156.064,#3124
bonobo,0.794,38.991,#122521
orangutan,1.257,63.292,#c65c21
bonobo,0.724,32.419,#141e1c
bonobo,0.729,52.498,#1a2925
bonobo,0.801,35.626,#202f2e
orangutan,1.26,58.175,#d6551e
bonobo,0.748,28.689,#161f23
bonobo,0.766,28.487,#171620
,0.982,39.292,#c66415
,0.793,56.548,#212b14
orangutan,1.048,30.582,#ce6419
,1.35,62.588,#cd5c16
,1.53,141.162,#a1d9
bonobo,0.747,35.82,#2c1630
gorilla,1.368,112.651,#1202
,1.298,77.328,#cc5b1d
,1.304,87.779,#c1c19
orangutan,0.995,38.175,#d06920
gorilla,1.792,225.286,#6b7
gorilla,1.37,106.115,#3920
,0.823,29.737,#201d25
,1.313,98.609,#131c1d
,0.826,32.025,#10102d
orangutan,1.03,49.875,#c26320
,1.449,66.087,#cf66b
,0.708,29.909,#152524
,0.829,50.519,#272a2c
gorilla,1.441,106.594,#c151d
,0.79,49.03,#191829
gorilla,1.403,91.223,#13816
orangutan,0.952,,#d55819
bonobo,0.756,38.838,#1d1d10
gorilla,1.46,139.44,#12be
orangutan,1.462,79.953,#d5591e
gorilla,1.509,200.049,#21513
,1.331,82.694,#a320
,1.013,30.784,#c6581f
,1.288,58.688,#c65620
orangutan,1.386,79.295,#c5661c
bonobo,0.796,32.199,#262329
,1.395,86.991,#1d16b
bonobo,0.812,47.553,#232818
orangutan,0.956,41.933,#c55a1b
,0.999,40.763,#cc5618
bonobo,0.782,27.857,#2f1d26
,1.649,149.441,#1f1720
orangutan,1.015,30.946,#cb5814
gorilla,1.447,72.025,#71c10
bonobo,0.793,29.169,#17132d
,0.764,31.934,#161d18
orangutan,1.04,43.596,#d36510
bonobo,0.737,39.85,#2b261b
orangutan,1.049,31.996,#c658b
gorilla,1.45,96.245,#b63
,0.715,31.51,#101727
bonobo,0.726,58.032,#272112
bonobo,0.829,32.382,#1b1f16
gorilla,1.498,77.138,#4ef
bonobo,0.808,32.244,#112014
gorilla,1.51,207.826,#17175
gorilla,1.521,174.112,#797
gorilla,1.559,217.854,#1d116
orangutan,1.394,58.918,#c261b
,1.371,72.725,#ca601c
orangutan,0.993,38.45,#da6413
bonobo,0.768,29.482,#1a1012
bonobo,0.763,47.063,#161719
gorilla,1.329,103.444,#1b121e
bonobo,0.71,31.124,#241c1c
,0.733,32.468,#302919
orangutan,1.262,81.136,#d96721
,1.449,57.47,#c95816
,1.429,111.47,#1b2e
,0.987,35.996,#d36111
gorilla,1.681,174.948,#ad1c
orangutan,0.973,45.904,#c85c11
orangutan,1.347,55.658,#cc5d19
gorilla,1.726,171.516,#1e16f
orangutan,1.374,83.108,#da6215
bonobo,0.703,29.246,#221417
orangutan,1.266,52.609,#d9621f
,1.372,52.875,#d45b10
orangutan,1.049,48.537,#d159f
,0.823,30.554,#2a281e
bonobo,0.791,55.122,#1a142d
orangutan,1.042,35.454,#c26d21
orangutan,0.966,41.279,#d2681d
,1.292,89.931,#19212
,,74.141,#13d15
orangutan,1.414,56.283,#ca6320
orangutan,1.375,80.64,#d36b20
bonobo,0.723,48.938,#242821
bonobo,0.707,28.435,#12172d
gorilla,1.443,81.588,#1ae13
gorilla,1.717,199.608,#10f17
orangutan,,39.853,#d15710
gorilla,1.401,225.918,#821f
orangutan,1.301,51.143,#c86d12
bonobo,0.789,31.704,#131624
bonobo,0.827,30.263,#1a2e28
gorilla,1.405,77.726,#83d
bonobo,0.774,43.362,#1e2e14
,1.335,102.445,#e1618
,0.81,34.279,#1b2c2b
orangutan,1.478,52.083,#ca5616
bonobo,0.74,28.537,#282619
,1.403,75.238,#18112
gorilla,1.753,189.512,#c181c
orangutan,1.429,57.397,#d75613
gorilla,1.459,183.736,#1f111
bonobo,0.763,45.283,2f2511
bonobo,0.828,28.126,#291e11
,0.701,31.41,#1e1b1d
,1.335,85.786,#1cd12
gorilla,1.302,80.186,#1b184
,1.367,57.86,#d15cb
gorilla,1.61,159.074,#d1216
bonobo,0.727,31.93,#271b24
orangutan,1.422,64.225,#da6d10
bonobo,0.745,38.584,#1a1a1e
,0.772,32.274,#281118
orangutan,1.445,75.492,#c75c22
bonobo,0.75,49.484,#12272a
,0.716,31.093,#101e13
gorilla,1.637,225.214,#10ce
gorilla,1.39,103.438,#d18b
orangutan,1.359,52.156,#ce6415
,1.028,48.944,#c55f20
,1.511,173.581,#11112
,1.471,210.317,#2159
gorilla,1.438,154.483,#1b015
gorilla,1.458,107.677,#11d8
,1.361,84.631,#f16d
orangutan,1.048,44.577,#d86cc
,0.739,45.843,#1e1819
orangutan,,31.359,#d6551f
bonobo,0.732,31.221,#2b3016
,1.032,32.621,#cc5816
bonobo,0.704,44.819,#1a1612
gorilla,1.742,174.992,#01a20
,0.702,30.795,#142a1d
bonobo,0.73,34.765,#201d17
bonobo,0.727,27.962,#2e2c19
,1.437,77.805,#3141d
,1.297,71.42,#c26616
,0.81,32.272,#1d1e18
,1.413,89.748,#17180
bonobo,0.809,36.639,#2e2913
orangutan,1.048,41.931,#c256f
,0.74,31.302,#132e1e
orangutan,0.977,45.794,#cd5ab
orangutan,1.397,67.551,#cd5a1e
bonobo,0.718,27.626,#172d21
orangutan,1.011,37.682,#c85522
,1.666,184.259,#17ae
,0.965,39.455,#d16818
orangutan,1.274,54.003,#cd57b
orangutan,1.301,76.427,#d95e17
bonobo,0.724,57.307,#20202e
bonobo,0.72,31.857,#27142a
orangutan,1.377,58.764,#d36022
orangutan,1.039,31.781,#c55611
,0.764,31.136,2d1c29
,0.781,31.39,#171f1c
gorilla,1.524,155.548,#516b
orangutan,1.023,41.224,#da691b
gorilla,1.631,215.454,#295
,1.562,210.702,#ce16
,1.3,77.698,#c76320
gorilla,1.543,192.18,#41a13
gorilla,1.415,209.209,#1391
orangutan,1.005,38.479,#d45c14
bonobo,0.725,58.193,#2a2a1d
,1.634,193.354,#151e3
gorilla,1.695,221.977,#d714
orangutan,1.402,59.062,#d6691c
orangutan,1.003,40.376,#d8591d
,0.77,48.787,#10132a
bonobo,0.818,29.659,#1c1b1e
bonobo,0.763,28.655,#172c27
orangutan,1.476,84.157,#c65823
bonobo,0.817,29.003,#261027
orangutan,1.479,57.163,#c96723
orangutan,1.384,82.809,#cd61e
orangutan,1.404,78.153,#c56c18
orangutan,1.029,41.281,#d65d17
orangutan,1.04,46.78,#da5d11
,0.733,53.321,#211812
gorilla,1.475,139.134,#1e016
gorilla,1.354,102.235,#17910
,1.594,157.713,#712c
gorilla,1.485,88.148,#151e4
bonobo,0.725,30.284,#151e14
orangutan,1.291,83.75,#d46320
gorilla,1.497,93.704,#1f1fe
orangutan,1.452,54.246,#d56c1a
gorilla,1.503,207.399,#101715
orangutan,1.007,33.932,#ca67b
orangutan,1.313,57.961,#c36818
orangutan,1.277,77.3,#da6521
,1.281,83.625,#c6551d
bonobo,0.772,31.374,#1f1219
gorilla,1.484,111.28,#16816
orangutan,1.047,38.005,#d2591f
,0.775,55.501,#1f301c
gorilla,1.412,111.393,#6b7
gorilla,1.386,83.19,#151a18
,1.28,74.38,#18919
,0.98,30.885,#da5c1e
,1.024,35.305,#d96822
,1.498,83.084,#91e
orangutan,0.989,39.768,#c26dd
bonobo,0.717,32.126,#131621
gorilla,1.419,98.146,#7a10
,0.805,50.279,#233025
orangutan,0.978,40.124,#d95a15
,0.708,36.001,#261015
gorilla,1.602,165.411,#13e12
,1.495,70.929,#1eec
bonobo,0.702,30.557,#1e171d
bonobo,0.819,34.406,#2c1519
bonobo,0.725,30.564,#231c2e
orangutan,0.957,39.789,#c86013
bonobo,0.742,32.431,#281222
,1.291,75.979,#111c11
orangutan,1.338,52.36,#cb5f20
,1.304,87.907,#c85512
orangutan,1.014,44.937,#cf5613
,1.589,169.285,#22b
orangutan,1.016,47.139,#d56323
,1.261,78.173,#c86c1c
bonobo,0.8,29.628,#181a22
gorilla,1.697,210.604,#12cf
bonobo,0.814,28.349,#271529
bonobo,0.751,50.86,#301b1d
gorilla,1.564,192.543,#5a17
orangutan,1.049,40.055,#da6923
bonobo,0.723,53.825,#172b28
,0.826,45.209,30211e
gorilla,1.389,100.583,#71d15
bonobo,0.742,43.486,#1e2118
,0.99,40.83,#d46319
bonobo,0.804,37.154,#2c112f
gorilla,1.416,94.839,#d1d1
,1.292,81.823,#24c
orangutan,1.329,59.532,#ca5d22
orangutan,1.312,82.575,#c45b1a
orangutan,1.036,49.3,#c8651a
bonobo,0.775,29.882,#302a13
gorilla,1.724,146.39,#5720
gorilla,1.291,76.778,#1d1c17
gorilla,1.403,147.198,#4a9
orangutan,1.476,70.195,#da6211
,1.275,98.782,#16fc
,1.574,161.637,#f167
bonobo,0.79,41.231,#212b25
,0.802,29.746,#301823
orangutan,0.953,32.513,#c458b
bonobo,0.815,32.355,#192817
orangutan,0.966,40.186,#da5b1a
bonobo,0.804,39.621,#2e2521
,1.492,106.97,#f142
,1.019,36.186,#d1641e
gorilla,1.439,214.592,#111f20
gorilla,1.451,217.335,#20178
orangutan,1.023,36.028,#c95bd
,0.777,59.901,#2e1d1e
bonobo,0.783,49.378,
bonobo,0.704,51.787,#1e291f
gorilla,1.613,208.683,#1e20c
gorilla,1.594,195.945,#14141a
orangutan,0.977,40.832,#c25d15
orangutan,1.361,80.216,#c66d21
orangutan,0.956,34.994,#c6621a
,1.381,58.777,#c66922
,1.483,54.602,#c6631c
,1.354,64.139,#ca6c23
orangutan,1.378,52.489,#cb5f14
bonobo,0.761,59.683,#21231d
bonobo,0.726,31.846,#211d1e
gorilla,1.471,85.831,#20920
bonobo,0.777,28.339,#231613
gorilla,1.415,151.857,#1b1c1a
orangutan,1.015,48.991,#c8631e
,1.311,72.789,#d25f13
gorilla,1.508,144.587,#171c
,0.753,31.99,#2b1222
bonobo,0.776,53.918,#211829
gorilla,1.478,84.329,#d1113
,1.27,89.393,#d769c
gorilla,1.533,217.511,#18512
,0.82,29.989,#2a2127
gorilla,1.765,205.557,#d1f15
bonobo,0.766,41.812,#161d2e
orangutan,1.422,87.464,#d25b18
bonobo,0.772,52.849,#2e132c
gorilla,1.262,104.424,#a511
gorilla,1.68,212.541,#14218
gorilla,1.365,81.31,#20191a
,0.764,31.416,#271321
bonobo,0.733,48.114,#1e2618
gorilla,1.691,158.072,#181e1c
,0.709,51.694,#1b161b
,1.403,69.331,#c615
orangutan,1.4,80.496,#d15af
bonobo,0.792,28.873,#1a1720
bonobo,0.722,36.067,#131f11
,0.787,56.396,#2f2d21
bonobo,0.782,46.159,#251d23
bonobo,0.825,30.413,#262a10
bonobo,0.753,39.528,#2a292d
bonobo,0.709,42.539,#162118
orangutan,1.327,79.249,#c86614
orangutan,1.05,41.198,#d96620
bonobo,0.824,29.974,#1e1327
gorilla,1.314,105.151,#1491e
orangutan,0.994,48.592,#d2571d
orangutan,1.046,35.24,#d656e
bonobo,0.772,48.667,#16161e
gorilla,1.604,146.538,#01f3
bonobo,0.706,,#25221b
orangutan,0.991,38.744,#d4671c
bonobo,0.811,58.383,#2a1120
bonobo,0.803,30.368,#172c15
orangutan,1.497,69.84,#da66f
orangutan,1.325,71.243,#d46b22
orangutan,1.42,86.015,#c9551d
,0.725,29.864,#12102c
,1.389,72.069,#c56515
,1.466,105.172,#3116
,1.588,158.222,#6c7
bonobo,0.829,42.751,#13212b
,0.969,45.988,#cf6a14
,0.973,47.311,#d3551b
bonobo,0.809,29.077,#28282c
bonobo,0.811,54.676,#182a16
gorilla,1.623,184.052,#d1a6
orangutan,1.251,59.554,#c26316
orangutan,1.427,60.2,#d76515
,0.724,51.22,#2a1f13
,1.368,77.133,#141bf
gorilla,1.484,179.532,#2111f
,1.034,47.083,#da6519
orangutan,,48.973,#ca5921
,0.756,40.789,#251d30
bonobo,0.787,29.979,#161e18
bonobo,0.791,50.015,#1a1c13
gorilla,1.729,142.367,#2c16
orangutan,0.954,48.554,#d765c
,1.336,94.822,#dc3
gorilla,1.548,166.999,#b1217
gorilla,1.334,97.635,#b01a
bonobo,0.811,41.475,#282221
bonobo,0.808,28.721,#1c2c1c
gorilla,1.576,150.113,#41b7
gorilla,1.457,107.445,#5f8
bonobo,0.808,31.459,#282c11
,1.464,153.89,#111d16
gorilla,1.473,91.14,#0813
gorilla,1.579,179.998,#2a15
gorilla,1.447,212.437,#dc11
gorilla,1.589,221.771,#14181a
,0.77,31.343,#2a2b2e
orangutan,1.026,32.666,#c76511
gorilla,1.297,82.547,#75e
orangutan,1.03,41.36,#d76620
,1.405,221.677,#1181f
,0.987,39.316,#cd66f
orangutan,1.294,82.261,#c35d12
gorilla,1.261,109.506,#b1215
orangutan,1.006,46.333,#d96518
,1.658,136.167,#d1012
bonobo,0.736,,#263026
bonobo,0.778,47.226,#2a2e1a
,1.353,95.948,#174
bonobo,0.713,28.016,#11122d
orangutan,1.251,52.97,#c25dd
gorilla,1.282,104.705,#f11d
gorilla,1.431,149.956,#21210
gorilla,1.307,107.997,#51e2
bonobo,0.755,28.017,#1f1018
orangutan,1.005,45.057,#c3581d
gorilla,,70.763,#d1b16
gorilla,1.646,190.162,#2131d
,0.722,37.171,#272b27
,,31.949,#201516
gorilla,1.341,71.939,#1f129
orangutan,0.969,41.835,#ce5817
bonobo,0.717,28.144,#132f28
bonobo,0.717,41.862,#282e1c
gorilla,1.667,165.591,#101016
orangutan,1.387,82.53,#d7571a
bonobo,0.714,40.305,#2b1619
,0.788,56.43,#1b1124
gorilla,1.398,98.034,#91f12
bonobo,0.702,43.163,#29242c
bonobo,0.759,39.023,#171018
gorilla,1.659,174.272,#17018
,0.738,30.265,#1e2828
,1.55,139.905,#01b0
gorilla,1.407,191.752,#8b1f
,1.395,56.318,#d26c1f
orangutan,1.0,38.338,#ce5811
bonobo,0.714,39.007,#30212c
,1.51,197.383,#e1bc
orangutan,1.033,43.705,#d956f
bonobo,0.703,44.935,#13122f
gorilla,1.348,85.296,#219b
bonobo,0.709,32.094,#1f1c12
,1.015,32.609,#d757b
gorilla,1.401,200.337,#151cf
,1.429,93.426,#12119
,1.347,101.551,#191c2
